148,143,144,136,NA,141,142,143,141,147,NA,147,145,145,144,140,141,141,140,139,137,136,135,135,135,NA,NA,140,130,145,NA,139,134,133,131,130,129,130,130,131,128,128,127,125,123,123,125,127,127,127,124,121,117,115,116,117,119,120,120,119,119,122,126,129,125,123,127,119,137,122,123,125,122,125,119,117,126,123,116,118,136,125,126,129,122,118,117,111,113,116,149,128,122,116,118,112,113,115,117,116,114,111,111,111,114,118,121,124,124,124,126,127,125,122,119,121,123,124,122,119,114,119,116,121,115,113,124,108,119,119,101,107,110,94,99,107,128,102,99,103,114,116,98,99,104,100,107,112,109,114,120,114,113,116,119,121,121,119,115,113,120,117,113,110,110,112,114,117,119,123,143,113,111,108,115,122,108,113,105,114,113,102,111,108,117,112,100,104,99,99,116,108,114,111,111,113,112,108,105,107
148,145,148,141,NA,144,142,142,143,148,NA,149,NA,NA,NA,146,143,142,142,140,139,138,137,137,134,NA,NA,138,130,144,NA,139,133,132,130,129,129,130,131,131,132,132,131,128,125,124,125,127,130,131,130,126,121,119,121,123,123,123,123,121,119,120,123,126,124,122,126,119,138,122,124,125,122,125,120,120,128,126,117,119,137,124,124,126,119,116,116,111,117,119,NA,130,124,120,123,117,116,118,120,119,117,115,114,114,115,118,121,122,122,121,122,123,125,122,120,122,125,126,124,121,115,119,115,120,114,113,125,110,119,119,100,105,109,93,98,104,122,99,101,103,104,99,86,96,109,97,100,109,110,113,117,112,115,117,120,122,124,123,122,121,120,118,114,111,110,112,115,117,121,124,143,111,108,105,112,119,104,109,102,111,111,101,109,106,116,111,100,105,99,99,115,105,105,101,99,104,107,106,105,107
147,145,NA,145,NA,147,144,142,144,146,147,148,NA,NA,NA,NA,144,143,142,141,140,139,138,138,132,147,NA,136,130,144,NA,140,130,130,129,129,129,130,131,132,136,136,134,131,127,126,127,128,130,133,133,129,122,120,123,127,126,126,125,122,119,119,120,122,123,122,126,120,138,123,124,125,122,127,123,123,132,129,120,120,139,124,122,123,117,115,116,111,115,116,147,126,120,117,122,118,120,122,123,122,120,118,118,119,119,121,122,122,120,119,119,120,125,122,121,123,127,129,126,123,115,118,112,117,111,111,125,112,121,121,101,105,109,94,98,102,113,92,98,102,102,100,103,133,137,108,97,105,106,107,112,112,113,114,116,119,121,123,125,125,120,118,114,110,109,111,114,116,118,120,139,107,105,103,112,120,101,106,100,111,112,102,109,105,117,113,104,109,104,103,117,106,105,96,92,96,102,104,103,104
143,141,146,142,NA,147,146,145,143,144,143,144,NA,NA,NA,148,143,142,141,140,139,138,137,136,132,144,NA,135,130,144,NA,143,129,129,130,130,131,131,132,133,136,136,135,132,129,128,130,132,129,132,133,129,122,120,124,129,128,128,127,125,122,121,122,123,126,124,129,122,139,123,122,123,123,128,125,127,136,133,123,123,143,127,122,123,117,117,118,112,114,115,144,123,117,116,122,119,122,124,125,124,122,120,121,122,123,124,124,123,120,118,117,118,123,121,121,124,128,129,127,123,114,116,110,113,108,109,125,112,123,125,104,106,110,97,100,102,113,89,92,98,101,107,123,NA,NA,124,98,100,100,100,106,111,109,109,109,110,113,116,119,121,119,116,112,108,107,109,111,113,112,114,133,104,103,104,116,125,101,106,101,113,116,106,112,107,117,115,107,115,111,110,124,112,116,104,95,96,102,103,101,101
139,136,140,135,NA,145,147,149,145,145,143,144,NA,NA,NA,146,141,141,140,139,137,136,135,135,134,143,NA,135,132,146,NA,145,132,132,133,134,134,135,135,135,136,136,136,134,132,132,134,137,131,133,134,131,125,124,127,132,129,130,130,129,127,126,127,128,130,128,132,124,141,123,121,121,124,129,127,129,138,135,126,126,149,131,125,126,121,121,122,116,119,120,149,126,121,120,127,124,122,123,124,123,121,120,121,123,123,124,123,121,117,115,115,116,121,120,120,123,128,129,126,122,114,116,108,112,106,107,123,111,123,125,103,104,109,98,100,99,120,93,92,95,98,101,108,140,NA,118,95,99,99,98,102,105,108,106,105,104,106,109,112,115,117,114,110,106,105,106,109,110,110,113,132,103,103,105,117,126,102,106,101,115,119,109,114,107,115,114,108,117,114,114,129,118,124,110,99,98,102,103,102,102
137,133,137,132,NA,144,148,NA,148,149,148,147,NA,NA,NA,149,143,142,141,140,139,138,137,136,138,144,NA,137,135,148,NA,148,135,136,137,138,138,138,137,137,136,136,137,135,134,135,137,140,136,136,135,133,131,131,133,135,131,132,133,133,131,130,131,132,132,131,135,127,144,125,123,122,125,130,127,129,139,137,128,130,NA,134,127,129,124,124,124,117,118,119,148,126,120,118,125,121,121,122,123,121,120,120,121,123,120,121,120,117,114,113,113,115,122,120,121,124,128,128,124,120,116,117,110,113,107,107,122,110,120,123,101,101,108,99,101,97,118,95,97,98,102,102,92,105,122,97,90,101,103,101,102,100,109,108,105,104,105,107,110,113,117,114,110,106,104,105,107,109,114,116,136,106,104,104,114,122,101,105,100,115,119,109,112,103,112,110,105,114,112,112,127,117,121,109,99,99,102,103,103,105
138,136,140,136,NA,146,147,148,148,NA,NA,149,NA,NA,NA,NA,147,147,146,145,144,142,141,141,142,147,NA,139,138,NA,NA,NA,139,139,140,141,141,140,138,137,139,139,139,137,136,136,138,140,141,138,135,135,136,138,138,136,134,136,137,136,134,133,133,134,131,130,136,129,147,129,127,127,126,130,126,127,138,137,130,132,NA,134,128,129,126,125,124,115,115,116,146,123,117,114,120,116,121,122,122,121,119,120,122,124,121,121,120,118,116,115,117,119,124,123,123,126,129,129,124,120,120,121,114,117,110,110,123,110,122,125,103,102,110,104,105,100,113,99,102,100,105,111,97,99,105,94,97,105,104,105,107,101,110,108,106,106,106,109,112,114,119,116,111,107,106,106,108,110,114,118,138,109,107,106,115,122,102,106,101,117,122,111,112,102,114,112,104,112,109,109,125,114,117,109,101,100,101,101,103,107
140,139,145,141,NA,148,146,146,144,NA,NA,NA,NA,NA,NA,NA,NA,NA,NA,NA,148,147,146,145,145,148,NA,141,140,NA,NA,NA,142,142,143,143,143,141,139,138,143,143,142,140,137,137,139,141,142,137,133,133,138,140,138,135,137,139,140,139,136,134,134,134,129,129,136,130,NA,132,130,131,127,130,126,127,137,137,131,134,NA,134,128,130,127,126,123,114,119,120,NA,128,121,117,122,117,122,122,122,121,120,120,123,125,123,124,123,122,120,120,122,124,126,125,125,128,131,130,125,120,123,125,118,121,113,112,125,111,125,129,107,106,115,110,111,105,117,105,104,95,100,112,103,104,115,108,109,108,101,105,111,107,108,107,106,106,107,110,113,115,121,118,113,109,107,108,110,112,111,116,138,110,110,109,118,126,106,110,105,120,125,114,114,104,119,116,107,114,109,109,124,114,118,111,105,103,101,100,102,107
145,143,NA,144,NA,NA,NA,NA,147,148,NA,NA,NA,NA,NA,NA,NA,NA,NA,NA,NA,NA,NA,148,NA,NA,NA,NA,145,NA,NA,NA,141,143,145,147,148,147,145,144,146,144,142,142,144,145,145,144,146,145,143,141,140,139,138,138,139,137,136,136,138,138,137,136,136,138,135,138,146,140,133,139,134,126,130,124,131,144,133,132,NA,134,131,137,133,129,129,125,118,119,140,134,122,128,125,125,125,126,127,129,130,130,131,131,129,128,127,126,125,125,126,126,128,128,129,130,130,129,129,128,128,130,126,118,119,127,128,122,123,137,111,118,112,117,113,113,122,108,108,103,110,119,107,108,110,114,114,110,108,111,112,111,111,111,111,111,111,110,110,110,115,113,110,108,109,112,116,118,115,115,145,110,109,116,118,130,108,110,107,124,127,113,116,111,130,115,112,114,110,114,120,117,120,111,102,101,102,103,107,113
148,146,NA,146,NA,NA,NA,148,NA,NA,NA,NA,NA,NA,NA,NA,NA,NA,NA,NA,NA,NA,NA,NA,NA,NA,NA,NA,147,NA,NA,NA,142,143,145,147,148,147,145,144,146,144,142,142,144,145,145,144,145,144,143,142,141,140,140,140,139,138,136,137,138,139,138,136,135,138,134,137,144,138,131,136,133,125,130,124,131,144,133,132,NA,133,130,137,133,129,130,126,123,123,144,138,125,131,127,128,127,129,131,133,134,134,134,133,133,133,132,131,130,130,131,131,128,128,129,130,131,131,131,130,129,130,126,120,124,133,132,125,128,142,116,123,116,121,117,116,124,110,111,105,111,120,107,107,109,114,116,113,112,115,116,115,113,113,112,111,111,112,113,113,116,114,113,112,112,114,117,118,115,115,146,111,109,116,119,134,109,112,109,127,131,117,121,117,134,119,115,117,114,117,123,121,122,113,105,104,104,106,109,115
NA,NA,NA,149,NA,NA,NA,NA,NA,NA,NA,NA,NA,NA,NA,NA,NA,NA,NA,NA,NA,NA,NA,NA,NA,NA,NA,NA,149,NA,NA,NA,143,144,146,147,148,147,146,145,147,145,143,143,144,145,145,144,144,143,143,142,142,141,141,141,139,137,136,137,139,139,138,137,137,139,135,137,144,137,129,135,131,124,130,124,131,144,134,134,NA,134,131,138,135,132,133,130,129,129,NA,143,130,135,131,131,129,131,134,137,138,138,137,136,136,135,134,133,133,133,134,134,129,129,130,131,132,132,132,131,129,130,126,123,130,140,138,127,133,147,121,128,121,125,120,119,127,113,114,108,112,119,106,107,110,116,120,119,119,121,121,119,117,116,114,113,113,115,116,118,117,117,117,117,118,118,118,119,114,116,148,113,109,115,121,141,113,116,113,131,135,123,127,123,140,125,120,122,118,121,127,125,125,116,109,108,109,109,112,117
NA,NA,NA,NA,NA,NA,NA,NA,NA,NA,NA,NA,NA,NA,NA,NA,NA,NA,NA,NA,NA,NA,NA,NA,NA,NA,NA,NA,NA,NA,NA,NA,145,146,147,148,148,147,146,146,148,145,143,143,145,145,145,144,142,143,143,143,143,142,142,141,138,137,136,137,138,139,138,137,140,142,138,139,146,139,131,136,133,127,134,128,133,146,137,138,NA,137,134,141,138,136,138,135,133,133,NA,146,133,138,133,133,131,134,137,140,142,142,140,139,137,136,136,135,135,135,136,136,135,135,136,136,135,134,133,133,131,131,127,127,137,148,144,132,139,NA,128,134,127,130,124,123,131,119,121,113,116,122,108,109,114,121,126,125,125,126,124,121,121,119,117,115,115,118,121,123,120,121,123,123,123,122,120,119,115,116,149,116,111,115,123,147,119,122,118,135,138,126,130,126,146,129,124,125,121,124,131,129,127,119,112,112,112,112,114,118
NA,NA,NA,NA,NA,NA,NA,NA,NA,NA,NA,NA,NA,NA,NA,NA,NA,NA,NA,NA,NA,NA,NA,NA,NA,NA,NA,NA,NA,NA,NA,NA,147,147,148,148,148,147,147,147,149,146,144,144,145,146,145,144,141,141,142,143,142,142,140,140,136,135,134,135,137,138,138,136,138,140,136,138,144,137,129,134,136,131,138,131,136,148,139,141,NA,137,134,140,137,136,138,136,134,134,NA,147,134,139,134,134,132,134,137,140,142,142,141,141,139,138,138,137,137,138,139,139,141,141,140,139,137,135,134,133,134,133,130,129,140,NA,147,135,141,NA,130,137,130,132,126,124,134,123,126,118,119,124,110,111,119,126,131,130,128,128,125,121,124,122,119,118,119,121,124,126,123,125,127,128,128,125,122,120,116,116,NA,119,115,117,125,NA,124,126,120,136,138,125,129,125,147,130,125,126,122,125,133,131,128,121,115,115,115,114,115,118
NA,NA,NA,NA,NA,NA,NA,NA,NA,NA,NA,NA,NA,NA,NA,NA,NA,NA,NA,NA,NA,NA,NA,NA,NA,NA,NA,NA,NA,NA,NA,NA,149,149,149,148,148,148,148,147,149,147,145,144,145,146,145,143,142,142,143,144,143,142,140,139,136,134,134,135,137,139,138,137,135,137,134,136,143,136,128,133,139,134,142,134,137,148,140,142,NA,137,133,139,135,134,136,134,134,134,NA,147,135,140,135,136,132,134,136,138,140,141,142,142,143,143,142,142,143,143,144,145,144,144,143,142,140,138,136,135,138,139,135,133,141,NA,NA,139,141,NA,131,139,132,135,128,126,136,126,130,122,122,126,113,114,122,129,133,131,129,129,126,122,124,123,122,121,122,124,126,128,127,128,130,131,130,127,124,121,119,117,NA,123,120,120,125,149,127,127,121,136,138,124,128,124,146,130,124,125,122,126,135,134,130,123,119,119,119,117,116,119
NA,NA,NA,148,NA,NA,NA,NA,NA,NA,NA,NA,NA,NA,NA,NA,NA,NA,NA,NA,NA,NA,NA,NA,NA,NA,NA,NA,NA,NA,NA,NA,NA,NA,149,148,148,148,148,148,NA,148,145,145,145,146,145,143,144,145,146,146,145,142,140,138,136,135,135,136,138,140,139,138,136,138,135,137,145,138,131,137,140,136,144,135,136,147,139,141,NA,141,136,140,137,135,138,135,133,133,NA,148,136,141,137,138,134,134,135,136,138,141,143,145,146,146,146,146,146,147,148,149,143,144,144,143,143,141,140,139,143,145,142,137,142,NA,NA,144,141,NA,133,141,135,137,131,129,137,128,133,125,124,128,115,117,122,128,132,130,129,130,129,125,123,123,123,123,124,126,127,128,129,130,132,132,131,128,124,122,122,117,NA,125,125,123,125,147,126,127,121,136,138,126,130,127,146,129,124,125,122,128,137,137,133,127,122,123,123,120,119,121
NA,NA,NA,146,NA,NA,NA,NA,NA,NA,NA,NA,NA,NA,NA,NA,NA,NA,NA,NA,NA,NA,NA,NA,NA,NA,NA,NA,NA,NA,NA,NA,NA,NA,NA,149,148,148,148,148,NA,148,146,145,146,146,145,143,146,147,148,148,147,144,141,139,138,137,136,138,140,142,142,140,139,142,138,141,149,143,136,142,140,137,144,135,135,145,137,140,NA,146,140,145,140,138,141,139,133,133,NA,149,137,143,139,140,136,135,135,135,138,141,145,147,147,146,146,146,147,148,149,NA,142,142,143,144,144,144,144,143,148,NA,147,140,142,NA,NA,148,141,NA,134,142,136,139,133,131,137,129,134,127,126,129,117,119,120,126,130,129,129,131,131,128,123,123,124,125,126,127,127,128,131,132,132,132,131,128,125,123,124,117,NA,127,128,125,125,145,126,127,121,137,140,127,133,130,146,129,124,126,123,129,139,139,135,129,125,126,126,123,121,123
NA,148,NA,145,NA,NA,NA,NA,NA,NA,NA,NA,NA,NA,NA,NA,NA,NA,NA,NA,NA,NA,NA,NA,NA,NA,NA,NA,NA,NA,NA,NA,149,149,NA,NA,NA,149,147,145,148,NA,NA,NA,148,145,144,144,147,147,148,148,148,147,146,146,145,139,138,142,144,140,138,141,139,142,148,148,142,134,136,141,138,135,138,137,131,137,141,133,NA,149,148,NA,147,140,135,135,140,137,NA,146,135,143,141,142,142,140,138,136,137,141,145,148,146,146,147,148,148,148,148,148,143,143,144,145,147,148,NA,NA,146,145,143,143,138,NA,145,145,141,NA,140,138,146,142,141,129,140,130,132,121,121,130,117,116,118,123,129,133,132,130,128,127,125,126,126,126,126,126,125,125,126,128,132,135,135,133,130,128,126,124,NA,131,132,133,131,145,122,126,127,132,NA,126,133,129,NA,133,126,127,127,133,140,137,132,125,126,133,132,123,122,130
NA,NA,NA,148,NA,NA,NA,NA,NA,NA,NA,NA,NA,NA,NA,NA,NA,NA,NA,NA,NA,NA,NA,NA,NA,NA,NA,NA,NA,NA,NA,NA,148,149,NA,NA,149,148,147,146,NA,NA,NA,NA,NA,147,145,144,145,145,145,145,145,145,145,145,145,140,139,144,146,143,142,144,141,142,146,147,143,137,136,140,139,135,138,137,132,138,142,134,NA,148,147,149,147,140,135,135,135,133,NA,144,134,142,139,139,143,141,138,137,138,142,146,148,147,147,149,149,NA,NA,NA,NA,144,144,145,145,146,147,148,148,144,144,141,142,138,NA,147,148,144,NA,140,138,145,141,141,130,140,131,133,121,122,130,117,116,121,126,132,136,135,133,131,130,127,128,128,129,128,127,125,124,126,129,132,134,134,132,129,126,124,122,NA,130,130,132,130,144,123,127,127,132,NA,124,130,126,NA,132,125,127,127,133,140,138,134,124,122,131,136,130,127,130
NA,NA,NA,NA,NA,NA,NA,NA,NA,NA,NA,NA,NA,NA,NA,NA,NA,NA,NA,NA,NA,NA,NA,NA,NA,NA,NA,NA,NA,NA,NA,NA,148,149,148,147,147,147,148,148,NA,NA,148,NA,NA,NA,146,142,148,147,146,145,145,146,147,148,147,143,142,146,148,147,146,148,144,143,144,148,146,140,138,138,140,135,137,136,132,139,143,134,NA,147,145,147,146,140,136,135,132,130,NA,144,135,142,138,138,143,141,140,139,140,143,147,NA,NA,NA,NA,NA,NA,NA,NA,NA,147,147,146,146,146,146,147,147,142,142,140,141,138,NA,NA,NA,147,NA,142,137,144,140,141,131,141,133,135,123,122,130,118,117,125,130,136,139,139,137,134,134,129,130,132,132,131,129,126,124,129,130,132,134,133,130,127,124,123,121,NA,128,129,130,129,144,126,130,129,132,NA,122,126,122,147,130,124,127,126,132,140,138,135,124,120,129,138,136,132,131
NA,NA,NA,NA,NA,NA,NA,NA,NA,NA,NA,NA,NA,NA,NA,NA,NA,NA,NA,NA,NA,NA,NA,NA,NA,NA,NA,NA,NA,NA,NA,NA,NA,149,147,146,146,147,148,NA,NA,148,147,149,NA,NA,148,143,NA,149,147,146,147,148,NA,NA,148,146,145,146,148,148,147,147,147,143,143,147,149,144,140,138,140,134,135,134,131,139,143,134,NA,145,142,145,145,140,136,135,133,132,NA,148,139,146,142,141,143,142,141,140,142,145,148,NA,NA,NA,NA,NA,NA,NA,NA,NA,NA,NA,147,146,145,145,146,146,144,143,141,141,137,NA,148,NA,149,NA,143,137,142,138,141,133,141,134,137,124,123,130,119,119,128,133,139,143,142,140,138,137,133,134,136,136,134,131,128,126,132,133,134,134,133,129,126,124,123,121,NA,127,128,131,130,145,131,134,131,134,NA,121,125,121,143,127,122,125,124,129,138,137,135,126,122,129,135,134,132,131
NA,NA,NA,NA,NA,NA,NA,NA,NA,NA,NA,NA,NA,NA,NA,NA,NA,NA,NA,NA,NA,NA,NA,NA,NA,NA,NA,NA,NA,NA,NA,NA,NA,149,148,147,146,147,148,NA,NA,148,147,NA,NA,NA,NA,145,NA,149,148,147,147,149,NA,NA,149,149,147,146,147,148,147,144,149,144,143,148,NA,146,141,139,141,133,132,132,130,139,143,133,149,143,139,142,144,140,136,135,133,132,NA,149,139,147,142,142,142,141,141,141,143,146,149,NA,NA,NA,NA,NA,NA,NA,NA,NA,NA,NA,148,146,145,145,145,146,147,146,142,141,136,NA,146,148,149,NA,143,136,140,136,141,134,141,134,138,126,124,131,121,122,129,134,140,144,143,141,139,138,135,136,137,137,135,133,130,128,135,135,136,135,133,130,126,124,124,122,NA,127,129,132,132,147,134,137,134,136,NA,123,127,122,140,125,122,125,122,127,136,135,134,130,128,129,130,128,128,130
NA,NA,NA,NA,NA,NA,NA,NA,NA,NA,NA,NA,NA,NA,NA,NA,NA,NA,NA,NA,NA,NA,NA,NA,NA,NA,NA,NA,NA,NA,NA,NA,NA,NA,NA,149,148,148,148,148,NA,148,148,NA,NA,NA,NA,148,147,147,146,146,146,148,NA,NA,NA,NA,NA,146,147,NA,NA,145,NA,146,145,NA,NA,148,142,141,142,134,132,131,131,141,145,134,NA,143,138,142,145,142,138,136,134,133,NA,147,137,144,141,141,141,140,141,142,144,146,149,NA,NA,NA,NA,NA,NA,NA,NA,NA,NA,NA,148,146,144,145,146,147,NA,147,142,141,135,NA,146,148,145,NA,142,136,139,135,140,134,139,134,139,127,125,132,123,126,131,135,141,145,145,142,140,139,137,137,137,136,135,134,132,132,135,135,135,134,132,129,126,124,124,122,NA,127,129,132,132,149,134,137,135,138,NA,125,129,124,140,126,124,126,122,126,135,135,135,134,132,129,127,125,126,128
NA,NA,NA,NA,NA,NA,NA,NA,NA,NA,NA,NA,NA,NA,NA,NA,NA,NA,NA,NA,NA,NA,NA,NA,NA,NA,NA,NA,NA,NA,NA,NA,NA,NA,NA,NA,NA,148,147,146,148,NA,NA,NA,NA,NA,NA,NA,147,147,147,148,149,NA,NA,NA,148,NA,NA,148,NA,NA,NA,NA,NA,146,146,NA,NA,146,143,143,145,136,134,133,133,143,148,137,NA,144,139,143,147,145,141,139,137,134,NA,146,135,143,140,141,139,139,140,141,143,146,148,NA,NA,NA,NA,NA,NA,NA,NA,NA,NA,NA,148,145,144,145,147,148,147,145,141,140,135,NA,147,NA,141,NA,142,136,139,134,140,134,137,133,140,128,126,134,126,130,132,137,143,147,146,144,142,141,138,137,135,134,134,134,134,135,133,133,132,131,129,127,124,123,123,120,NA,125,127,131,132,148,132,135,134,137,NA,125,130,125,143,130,128,130,125,128,136,136,139,135,131,128,128,130,128,126
NA,NA,NA,NA,NA,NA,NA,NA,NA,NA,NA,NA,NA,NA,NA,NA,NA,NA,NA,NA,NA,NA,NA,NA,NA,NA,NA,NA,NA,NA,NA,NA,NA,NA,NA,NA,NA,NA,146,144,146,NA,NA,NA,NA,NA,NA,NA,148,149,NA,NA,NA,NA,NA,NA,146,NA,NA,149,NA,NA,NA,NA,148,146,148,NA,NA,145,143,144,148,138,135,135,135,146,NA,139,NA,146,141,145,NA,148,144,142,142,139,NA,148,137,146,143,144,138,139,139,141,143,146,148,NA,NA,NA,NA,NA,NA,NA,NA,NA,NA,NA,148,145,144,145,147,NA,145,144,139,139,135,NA,NA,NA,138,NA,141,136,139,134,139,134,136,133,140,128,126,135,127,132,134,139,145,148,148,146,143,143,138,136,134,133,132,134,136,137,130,130,130,129,127,125,123,122,122,119,NA,123,125,129,130,147,130,133,132,136,NA,125,130,126,145,133,132,133,127,129,137,138,142,136,128,126,131,136,132,125
NA,NA,NA,NA,NA,NA,NA,NA,NA,NA,NA,NA,NA,NA,NA,NA,NA,NA,NA,NA,NA,NA,NA,NA,NA,NA,NA,NA,NA,NA,NA,NA,NA,NA,NA,NA,NA,147,145,144,145,144,NA,NA,NA,145,148,NA,NA,NA,NA,NA,NA,NA,NA,NA,149,NA,NA,147,NA,NA,NA,NA,147,145,NA,142,NA,145,146,148,141,141,133,138,135,139,NA,143,NA,148,144,147,NA,NA,148,NA,NA,146,NA,NA,142,142,148,145,143,142,142,142,144,148,NA,NA,NA,NA,NA,NA,NA,NA,NA,NA,NA,NA,NA,NA,NA,NA,148,147,144,145,143,144,140,NA,146,144,131,NA,134,136,134,138,133,139,139,136,144,134,132,139,128,129,140,141,144,146,147,148,147,147,140,132,129,133,136,132,130,132,126,125,110,104,116,122,117,116,121,116,NA,129,131,129,126,142,128,134,134,137,NA,124,132,131,144,132,133,137,132,134,140,138,138,133,125,121,128,137,137,131
NA,NA,NA,NA,NA,NA,NA,NA,NA,NA,NA,NA,NA,NA,NA,NA,NA,NA,NA,NA,NA,NA,NA,NA,NA,NA,NA,NA,NA,NA,NA,NA,NA,NA,NA,NA,NA,NA,NA,NA,NA,NA,NA,148,NA,149,NA,NA,NA,NA,NA,NA,NA,NA,NA,NA,NA,NA,NA,NA,NA,NA,NA,148,147,146,NA,144,NA,147,147,149,142,143,135,139,136,139,NA,145,NA,NA,146,NA,NA,NA,NA,NA,148,145,NA,NA,143,144,NA,148,146,146,145,145,147,149,NA,NA,NA,NA,NA,NA,NA,NA,NA,NA,NA,NA,NA,NA,NA,NA,NA,NA,NA,142,137,142,140,NA,143,147,134,NA,127,133,135,138,131,135,137,134,143,134,132,139,129,130,140,141,144,146,147,147,147,147,146,138,134,136,137,132,128,128,118,111,92,87,106,120,119,119,122,117,NA,129,131,130,127,143,128,133,133,136,NA,124,132,131,141,130,131,135,132,134,140,139,137,137,136,134,133,134,134,133
NA,NA,NA,NA,NA,NA,NA,NA,NA,NA,NA,NA,NA,NA,NA,NA,NA,NA,NA,NA,NA,NA,NA,NA,148,NA,NA,NA,NA,NA,NA,NA,NA,NA,149,148,148,148,NA,NA,NA,NA,NA,140,146,NA,NA,148,NA,NA,NA,NA,NA,NA,NA,NA,NA,NA,NA,146,147,NA,148,142,146,146,NA,148,NA,NA,NA,NA,144,146,139,143,138,140,NA,146,NA,NA,149,NA,NA,NA,NA,NA,149,147,NA,NA,146,147,NA,NA,NA,NA,149,149,NA,NA,NA,NA,NA,NA,NA,NA,NA,NA,NA,NA,NA,NA,NA,NA,NA,NA,NA,148,NA,140,136,142,138,NA,138,144,131,NA,124,134,137,136,126,131,135,132,141,132,132,140,131,133,140,141,144,146,147,147,146,146,144,138,134,135,134,129,124,121,116,100,73,68,95,118,121,122,122,119,NA,131,132,130,128,145,128,133,132,135,NA,125,132,130,139,128,129,134,131,134,140,139,138,134,132,133,135,135,135,136
NA,NA,NA,NA,NA,NA,NA,NA,NA,NA,NA,NA,NA,NA,NA,NA,NA,NA,NA,NA,NA,NA,NA,NA,NA,NA,NA,NA,NA,NA,NA,NA,146,147,148,148,149,NA,NA,NA,145,NA,NA,145,NA,NA,NA,145,NA,NA,NA,NA,NA,NA,NA,147,NA,NA,NA,NA,NA,NA,NA,NA,145,146,NA,NA,NA,NA,NA,NA,147,NA,143,146,140,141,NA,146,NA,NA,NA,NA,NA,NA,NA,NA,NA,149,NA,NA,147,148,NA,NA,NA,NA,NA,NA,NA,NA,NA,NA,NA,NA,NA,NA,NA,NA,NA,NA,NA,NA,NA,NA,NA,148,145,144,142,144,141,136,127,NA,136,138,126,NA,127,133,126,121,117,131,132,130,139,131,132,141,133,136,140,142,144,145,146,146,146,145,143,139,135,135,134,131,125,121,124,101,65,56,86,114,122,124,123,120,NA,133,133,131,129,147,129,133,132,135,NA,126,132,129,140,129,129,133,129,131,137,135,141,131,124,127,134,138,138,139
NA,NA,NA,NA,NA,NA,NA,NA,NA,NA,NA,NA,NA,NA,NA,NA,NA,NA,NA,NA,NA,NA,NA,NA,NA,NA,148,146,143,NA,134,141,125,129,135,141,146,149,NA,NA,NA,NA,NA,NA,NA,134,125,123,NA,NA,NA,NA,NA,NA,NA,NA,144,NA,NA,NA,NA,NA,NA,148,146,147,NA,NA,NA,NA,NA,NA,NA,NA,147,149,141,141,NA,146,NA,NA,148,NA,NA,NA,NA,NA,NA,NA,NA,NA,147,147,NA,149,NA,NA,NA,NA,NA,NA,NA,NA,NA,NA,NA,NA,NA,NA,NA,NA,NA,NA,NA,NA,NA,146,143,142,145,NA,140,115,100,140,136,139,124,NA,124,112,93,94,107,134,131,128,137,130,131,141,134,138,140,142,143,145,146,145,145,144,148,145,140,137,136,134,129,123,128,105,66,52,76,104,117,125,124,122,NA,135,134,132,131,NA,130,133,131,135,NA,127,133,129,143,131,131,134,128,129,134,131,139,143,145,141,137,135,137,139
NA,NA,NA,NA,NA,NA,NA,NA,NA,NA,NA,NA,NA,NA,NA,NA,NA,NA,NA,NA,NA,NA,NA,NA,138,132,114,105,102,121,99,108,85,91,100,111,120,127,131,131,142,140,NA,139,124,97,90,97,148,NA,NA,148,146,NA,NA,NA,NA,149,138,125,122,131,143,NA,148,NA,NA,NA,NA,NA,NA,NA,NA,NA,NA,NA,142,140,NA,146,NA,NA,147,NA,NA,NA,NA,NA,NA,NA,NA,NA,147,146,NA,148,NA,NA,NA,NA,NA,NA,NA,NA,NA,NA,NA,NA,NA,NA,NA,NA,NA,NA,NA,NA,NA,146,143,141,NA,148,119,84,70,119,125,133,115,144,106,80,61,79,105,135,130,128,136,128,130,141,135,139,141,142,143,145,145,145,144,143,148,145,139,134,133,133,129,123,125,108,72,51,65,88,107,122,125,124,NA,137,135,132,132,NA,133,134,132,136,NA,130,135,130,146,133,132,134,128,128,132,130,133,NA,NA,NA,143,137,138,136
NA,NA,NA,NA,NA,NA,NA,NA,NA,NA,NA,NA,NA,NA,NA,NA,NA,NA,NA,NA,NA,NA,140,127,99,95,81,78,78,98,73,80,62,63,68,74,81,87,92,93,100,109,133,99,87,80,95,113,NA,NA,NA,132,123,131,142,147,136,120,98,85,94,120,144,NA,NA,NA,NA,NA,NA,NA,NA,NA,NA,NA,NA,NA,142,139,NA,145,NA,NA,148,NA,NA,NA,NA,NA,NA,NA,NA,NA,147,147,NA,149,NA,NA,NA,NA,NA,NA,NA,NA,NA,NA,NA,NA,NA,NA,NA,NA,NA,NA,NA,NA,147,143,140,139,147,119,81,59,52,92,92,105,86,118,80,59,59,95,118,131,131,127,136,128,129,141,134,139,141,142,143,145,145,144,143,142,143,142,136,131,133,139,139,133,126,116,85,55,54,69,91,113,125,125,NA,139,136,133,133,NA,135,136,133,137,NA,132,136,131,145,133,132,135,129,129,134,131,129,NA,NA,NA,147,NA,NA,134
NA,NA,NA,NA,NA,NA,NA,NA,NA,NA,NA,NA,NA,NA,NA,NA,NA,NA,NA,NA,NA,NA,121,95,69,73,71,79,85,102,71,72,64,61,58,56,56,59,62,64,58,79,107,69,67,88,129,NA,NA,NA,145,118,102,110,125,133,89,79,70,77,103,132,148,149,NA,NA,NA,NA,NA,NA,NA,NA,NA,NA,NA,NA,142,139,NA,144,NA,NA,148,NA,NA,NA,NA,NA,NA,NA,NA,NA,147,148,NA,NA,NA,NA,NA,NA,NA,NA,NA,NA,NA,NA,NA,NA,NA,NA,NA,NA,NA,NA,NA,147,144,140,137,135,133,88,50,48,49,73,60,74,55,92,62,55,76,123,133,127,131,128,136,127,129,140,134,139,141,142,143,144,145,144,143,142,142,143,139,136,143,NA,NA,NA,131,126,97,61,49,56,78,105,126,126,NA,140,137,133,134,NA,136,137,133,138,NA,133,137,131,144,132,132,135,130,131,136,134,128,134,125,118,145,NA,NA,134
NA,NA,NA,NA,NA,NA,NA,NA,NA,NA,NA,NA,NA,NA,NA,NA,NA,NA,NA,NA,146,109,82,74,70,81,96,106,90,98,72,76,58,63,55,64,64,56,64,59,57,72,100,78,103,136,NA,NA,NA,NA,NA,143,114,89,88,100,69,59,77,115,141,NA,NA,NA,NA,NA,NA,NA,NA,NA,NA,NA,NA,149,NA,NA,146,142,146,NA,NA,148,146,NA,NA,NA,NA,NA,146,142,NA,NA,148,145,NA,NA,147,149,NA,NA,NA,NA,NA,NA,NA,NA,NA,NA,NA,NA,NA,NA,148,NA,137,116,119,137,138,119,101,64,52,43,53,67,57,67,49,90,63,74,110,135,128,134,134,134,121,129,124,143,136,136,137,143,149,NA,146,144,147,NA,143,144,141,139,146,NA,NA,143,131,128,113,86,63,56,63,71,108,129,NA,137,136,134,130,NA,136,139,139,145,NA,138,129,137,146,131,129,133,133,137,143,139,138,138,136,134,137,142,141,135
NA,NA,NA,NA,NA,NA,NA,NA,NA,NA,NA,NA,NA,NA,NA,NA,NA,NA,NA,NA,122,91,89,104,121,127,124,113,94,114,93,91,73,70,55,59,59,55,66,58,57,85,129,112,131,NA,NA,NA,NA,NA,NA,149,121,87,70,68,64,65,92,130,149,NA,NA,NA,NA,NA,NA,147,NA,148,149,NA,NA,149,148,NA,145,142,146,NA,NA,147,147,NA,NA,NA,NA,NA,NA,145,NA,NA,NA,148,NA,NA,147,NA,NA,NA,NA,NA,NA,NA,NA,NA,NA,NA,NA,NA,NA,NA,148,124,96,84,105,136,128,87,80,66,71,52,55,74,65,74,68,95,73,95,121,137,131,138,137,137,125,132,125,143,136,137,140,144,149,NA,147,146,148,NA,145,144,139,136,138,143,139,131,131,132,126,102,72,53,56,67,86,111,NA,139,139,134,130,149,136,139,139,146,NA,140,131,139,NA,136,133,138,137,141,147,144,140,139,136,133,137,142,141,136
NA,NA,NA,NA,NA,NA,NA,NA,NA,NA,NA,NA,NA,NA,NA,NA,NA,NA,NA,NA,124,109,124,148,146,142,123,104,98,138,127,124,101,86,60,61,63,69,86,74,67,108,NA,145,NA,NA,NA,NA,NA,NA,NA,NA,134,94,62,48,60,74,111,146,NA,NA,NA,NA,NA,148,NA,145,NA,146,146,148,NA,147,148,148,145,143,147,NA,NA,146,148,NA,NA,NA,NA,NA,NA,146,NA,NA,NA,NA,NA,NA,149,NA,NA,NA,NA,NA,NA,NA,NA,NA,NA,NA,NA,NA,NA,NA,125,86,76,98,115,118,94,50,70,79,99,65,64,102,99,105,79,99,88,119,131,138,135,141,136,139,126,132,125,142,136,137,140,142,144,146,147,147,147,147,143,141,137,134,134,135,131,125,129,133,135,122,89,60,53,63,62,88,NA,138,138,134,130,144,136,138,138,145,NA,141,132,141,NA,139,137,142,140,144,NA,148,143,142,137,134,137,142,142,137
NA,NA,NA,NA,NA,NA,NA,NA,NA,NA,NA,NA,NA,NA,NA,NA,NA,NA,NA,NA,NA,NA,NA,NA,139,120,98,96,110,NA,NA,NA,123,95,63,62,68,89,113,97,82,126,NA,NA,NA,NA,NA,NA,NA,NA,NA,NA,137,99,69,56,61,80,121,NA,NA,148,NA,NA,NA,NA,NA,146,NA,147,147,148,NA,148,148,NA,147,145,NA,NA,NA,146,NA,NA,NA,NA,NA,NA,148,144,NA,NA,NA,147,NA,NA,NA,NA,NA,NA,NA,NA,NA,NA,NA,NA,NA,NA,NA,NA,144,127,92,66,93,135,119,76,54,42,71,88,112,67,74,136,134,135,72,102,108,135,132,139,140,137,133,137,124,131,123,140,136,137,141,141,141,143,145,146,144,142,140,139,137,136,137,138,136,133,130,129,133,131,111,79,61,59,52,70,135,128,131,132,130,140,134,136,136,143,NA,140,132,141,NA,138,138,142,139,143,NA,NA,148,146,141,137,139,145,144,140
NA,NA,NA,NA,NA,NA,NA,NA,NA,NA,NA,NA,NA,NA,NA,NA,NA,NA,NA,NA,NA,NA,NA,144,131,100,86,110,134,NA,NA,NA,132,94,59,58,65,95,126,104,83,129,NA,NA,148,149,NA,NA,NA,NA,NA,145,119,85,65,61,62,82,122,NA,NA,NA,NA,NA,NA,NA,NA,148,NA,NA,NA,NA,NA,NA,NA,NA,148,147,NA,NA,NA,146,NA,NA,NA,NA,NA,NA,NA,145,NA,NA,NA,148,NA,NA,NA,NA,NA,NA,NA,NA,NA,NA,NA,NA,NA,NA,NA,NA,130,91,65,79,121,142,104,57,46,47,67,80,108,60,78,NA,136,124,60,112,126,141,128,140,144,133,130,135,125,131,123,141,138,141,144,143,142,143,144,144,143,141,139,138,137,139,140,140,139,139,136,127,126,132,127,103,74,58,55,56,116,112,117,128,133,140,133,134,134,140,147,137,130,140,NA,138,139,143,139,143,NA,NA,NA,NA,145,141,143,148,147,142
NA,NA,NA,NA,NA,NA,NA,NA,NA,NA,NA,NA,NA,NA,NA,NA,NA,NA,NA,NA,NA,NA,NA,138,109,85,89,131,NA,NA,NA,NA,139,95,60,59,63,98,130,101,75,122,NA,NA,NA,NA,NA,NA,NA,NA,148,133,99,64,50,51,60,82,122,149,NA,NA,NA,NA,NA,NA,NA,NA,NA,NA,NA,NA,NA,149,NA,NA,148,147,NA,NA,NA,145,146,NA,NA,NA,NA,NA,NA,148,NA,NA,NA,NA,NA,NA,NA,NA,NA,NA,NA,NA,NA,NA,NA,NA,NA,NA,NA,141,103,60,50,107,NA,144,119,91,61,37,65,72,107,64,83,NA,114,96,64,127,135,139,129,143,141,132,131,136,125,132,123,140,138,142,147,146,146,145,143,142,141,141,140,137,137,139,139,136,135,137,140,131,126,130,133,121,93,68,63,51,102,94,97,114,133,144,133,134,133,139,145,135,128,138,NA,139,140,144,140,143,NA,NA,NA,NA,148,145,146,NA,147,141
NA,NA,NA,NA,NA,NA,NA,NA,NA,NA,NA,NA,NA,NA,NA,NA,NA,NA,NA,NA,NA,NA,141,121,78,80,104,147,NA,NA,NA,NA,140,96,63,63,64,100,134,98,73,121,NA,NA,NA,NA,NA,NA,NA,NA,NA,137,103,66,49,49,58,85,127,NA,148,147,NA,NA,NA,NA,NA,148,NA,149,149,NA,149,147,146,147,146,147,NA,NA,NA,143,141,146,146,NA,NA,NA,NA,NA,NA,NA,NA,NA,NA,NA,NA,NA,NA,NA,NA,NA,NA,NA,NA,NA,NA,NA,140,108,70,43,64,127,NA,NA,NA,121,67,34,69,71,113,72,83,139,96,87,87,142,131,131,132,139,128,130,129,135,125,129,119,134,131,136,145,147,146,142,138,135,135,137,138,135,135,138,136,132,132,137,136,137,132,128,131,130,114,94,74,56,101,84,75,93,123,142,135,136,134,139,145,134,128,138,146,136,138,142,137,140,NA,NA,NA,NA,NA,146,148,149,145,138
NA,NA,NA,NA,NA,NA,NA,NA,NA,NA,NA,NA,NA,NA,NA,NA,NA,NA,NA,NA,NA,NA,120,84,66,89,125,NA,NA,NA,NA,NA,134,89,61,62,62,98,134,95,80,123,NA,NA,NA,NA,NA,NA,NA,NA,NA,149,121,84,62,57,57,88,133,NA,143,138,145,146,NA,149,NA,145,NA,146,146,148,147,145,144,145,144,145,NA,NA,NA,141,137,141,140,146,NA,NA,NA,147,NA,NA,NA,NA,NA,NA,NA,NA,NA,NA,NA,NA,NA,NA,NA,NA,NA,NA,133,82,45,38,98,135,140,143,NA,114,58,52,73,71,116,73,76,126,88,95,109,NA,122,124,135,133,116,128,127,132,121,125,113,127,124,128,141,144,144,139,132,127,129,132,135,132,134,139,137,133,134,140,126,138,139,127,126,134,131,119,85,64,107,82,60,74,111,135,137,138,135,140,145,135,128,138,141,132,134,138,133,136,146,148,NA,NA,NA,146,148,149,143,135
NA,NA,NA,NA,NA,NA,NA,NA,NA,NA,NA,NA,NA,NA,NA,NA,NA,NA,NA,NA,149,132,99,70,59,105,138,NA,NA,NA,NA,NA,140,92,60,64,63,99,133,98,77,132,NA,NA,NA,NA,NA,NA,NA,NA,NA,NA,138,96,60,54,63,88,127,NA,136,102,97,113,134,147,NA,147,NA,138,149,145,143,144,140,144,NA,145,143,NA,NA,139,108,86,99,134,NA,147,148,145,NA,NA,NA,NA,NA,NA,NA,NA,NA,NA,NA,NA,NA,NA,NA,NA,NA,NA,115,64,36,65,117,134,NA,144,140,121,73,53,67,74,106,78,75,97,83,117,106,132,126,112,103,108,127,120,130,136,123,121,81,110,99,129,138,144,145,126,89,70,95,134,127,131,134,137,140,145,142,136,132,141,139,125,121,129,130,123,118,76,103,87,51,64,83,121,128,134,136,142,148,140,135,145,NA,138,135,137,133,137,147,147,141,NA,141,141,146,140,143,139
NA,NA,NA,NA,NA,NA,NA,NA,NA,NA,NA,NA,NA,NA,NA,NA,NA,NA,NA,NA,144,120,90,67,67,114,145,NA,NA,NA,NA,NA,145,96,63,64,63,98,132,96,77,131,NA,NA,NA,NA,NA,NA,NA,NA,NA,NA,138,96,59,52,55,89,124,129,102,73,69,78,125,139,147,148,NA,139,147,144,146,144,137,136,142,139,143,NA,NA,105,56,46,74,112,139,NA,NA,148,NA,NA,NA,NA,NA,NA,NA,NA,NA,NA,NA,NA,NA,NA,NA,NA,NA,142,104,59,40,75,127,141,NA,146,140,119,68,45,70,76,107,73,61,79,63,92,65,99,88,70,75,91,116,120,117,132,124,110,57,79,82,124,132,137,132,104,68,55,76,107,136,138,137,133,135,140,143,143,139,141,137,129,129,132,128,119,92,66,103,89,50,57,70,101,106,120,131,143,NA,142,136,145,NA,140,138,140,135,139,147,146,137,NA,139,138,143,136,139,134
NA,NA,NA,NA,NA,NA,NA,NA,NA,NA,NA,NA,NA,NA,NA,NA,NA,NA,NA,NA,137,104,76,66,80,127,NA,NA,NA,NA,NA,NA,147,99,64,63,62,98,134,99,76,131,NA,NA,NA,NA,NA,NA,NA,NA,NA,NA,140,96,59,51,59,94,117,103,72,53,52,57,93,116,135,149,NA,142,145,139,145,146,141,139,139,126,124,137,109,71,42,44,57,73,106,142,146,147,NA,NA,NA,NA,NA,NA,NA,NA,NA,NA,NA,NA,NA,NA,NA,NA,NA,128,89,53,47,89,136,145,NA,146,143,121,67,41,66,72,107,69,52,71,57,82,49,89,67,44,64,91,114,124,124,115,89,78,51,84,75,95,129,119,98,69,48,48,62,75,116,127,135,136,136,139,141,141,141,137,134,133,132,122,107,94,66,67,114,101,58,54,59,81,80,104,127,144,NA,144,138,147,NA,143,142,144,139,141,148,147,137,NA,139,139,143,135,137,132
NA,NA,NA,NA,NA,NA,NA,NA,NA,NA,NA,NA,NA,NA,NA,NA,NA,NA,NA,NA,128,88,66,68,89,136,NA,NA,NA,NA,NA,NA,144,97,64,62,61,102,139,103,78,133,NA,NA,NA,NA,NA,NA,NA,NA,NA,NA,143,99,60,51,67,85,95,85,67,55,54,55,61,88,116,144,NA,145,145,139,140,145,145,141,130,103,87,94,94,73,59,57,51,50,77,114,137,142,NA,NA,NA,148,NA,NA,NA,NA,NA,NA,NA,NA,NA,NA,NA,NA,NA,116,76,48,52,99,138,143,NA,146,147,125,70,45,63,70,107,68,45,68,58,76,48,93,62,42,78,109,124,130,129,100,64,56,59,98,80,77,120,92,64,53,51,51,55,60,76,99,124,139,144,144,142,138,141,135,133,132,121,99,77,65,65,87,135,122,77,61,59,75,69,100,128,146,NA,146,140,149,NA,144,144,147,143,145,NA,NA,142,NA,144,144,147,139,140,134
NA,NA,NA,NA,NA,NA,NA,NA,NA,NA,NA,NA,NA,NA,NA,NA,NA,NA,NA,NA,120,78,61,71,94,141,NA,NA,NA,NA,NA,NA,143,99,65,61,61,104,141,103,81,137,NA,NA,NA,NA,NA,NA,NA,NA,NA,NA,145,100,62,53,62,63,72,85,87,73,58,50,51,69,91,119,NA,134,143,142,136,137,128,115,98,72,63,75,129,103,73,54,46,50,65,80,115,128,NA,NA,NA,NA,NA,NA,NA,NA,NA,NA,NA,NA,NA,NA,NA,NA,NA,107,67,47,56,104,140,142,NA,146,149,126,72,48,67,71,110,68,40,71,64,73,49,90,64,54,100,129,133,131,118,106,88,66,53,77,72,80,89,72,67,76,72,53,47,55,53,73,98,115,129,139,143,142,142,134,124,112,94,73,61,58,82,113,NA,143,97,70,65,78,75,107,135,148,NA,146,142,NA,NA,142,143,148,145,149,NA,NA,146,NA,147,147,NA,142,144,138
NA,NA,NA,NA,NA,NA,NA,NA,NA,NA,NA,NA,NA,NA,NA,NA,NA,NA,NA,146,113,74,62,72,97,146,NA,NA,NA,NA,NA,NA,144,102,68,61,60,103,140,98,84,139,NA,NA,NA,NA,NA,NA,NA,NA,NA,NA,145,100,62,54,54,56,75,106,120,102,72,52,55,56,61,81,121,112,132,138,136,126,103,79,62,49,58,86,131,127,110,81,57,49,53,57,81,102,136,NA,143,146,NA,NA,NA,NA,NA,NA,NA,NA,NA,NA,NA,NA,144,98,59,47,60,107,144,144,NA,148,148,123,69,47,67,69,112,75,53,97,98,102,83,115,94,90,124,138,136,126,120,122,115,77,47,55,55,69,58,72,100,117,98,60,46,55,52,56,62,73,94,120,138,144,138,125,102,77,60,55,60,66,101,132,NA,NA,112,74,66,82,86,117,140,148,NA,147,144,NA,NA,141,141,146,144,149,NA,NA,147,NA,147,146,NA,143,146,142
NA,NA,NA,NA,NA,NA,NA,NA,NA,NA,NA,NA,NA,NA,NA,NA,NA,NA,NA,142,107,73,64,71,101,NA,NA,NA,NA,NA,NA,NA,141,101,68,62,61,104,139,96,84,138,NA,NA,NA,NA,NA,NA,NA,NA,NA,NA,142,98,61,54,55,74,102,128,141,131,102,77,58,49,45,65,109,104,126,133,134,125,101,75,56,44,57,87,109,130,144,128,91,61,50,51,58,87,128,146,141,144,NA,NA,NA,NA,NA,NA,NA,NA,NA,NA,NA,NA,135,87,52,47,65,112,145,144,NA,149,147,120,66,48,66,66,114,84,71,130,139,139,129,148,135,129,138,136,138,128,132,130,121,78,50,53,50,54,59,92,126,136,118,90,67,56,54,50,48,58,87,118,135,139,134,121,92,62,51,60,70,73,111,138,NA,NA,119,72,65,81,91,120,140,147,NA,149,145,149,NA,141,140,144,142,147,NA,NA,NA,NA,147,145,NA,144,149,146
NA,NA,NA,NA,NA,NA,NA,NA,NA,NA,NA,NA,NA,NA,NA,NA,NA,NA,NA,139,104,73,64,70,106,NA,NA,NA,NA,NA,NA,NA,137,97,67,62,62,106,142,98,83,138,NA,NA,NA,NA,NA,NA,NA,NA,NA,NA,139,96,60,53,58,92,122,135,142,144,128,104,60,50,49,74,122,116,134,136,132,130,115,95,73,51,50,72,116,126,140,144,124,89,62,52,58,90,135,NA,147,148,NA,NA,NA,NA,NA,NA,NA,NA,NA,NA,NA,146,129,79,47,48,69,115,142,142,NA,149,146,119,67,51,70,68,116,87,77,141,NA,149,141,NA,148,144,137,129,140,135,129,132,129,80,51,51,53,61,81,111,133,131,130,125,95,60,56,53,57,76,109,137,142,136,137,127,99,71,65,78,83,75,115,138,148,NA,122,71,63,81,91,120,139,146,NA,NA,145,148,NA,142,140,142,139,145,NA,NA,NA,NA,148,146,NA,147,NA,NA
NA,NA,NA,NA,NA,NA,NA,NA,NA,NA,NA,NA,NA,NA,NA,NA,NA,NA,NA,146,107,69,61,74,99,NA,NA,NA,NA,NA,NA,NA,144,91,71,62,59,114,144,100,86,NA,NA,NA,NA,NA,NA,NA,NA,NA,NA,NA,138,96,59,53,60,97,132,145,145,143,135,124,96,56,55,70,141,131,138,134,142,131,128,116,77,48,56,71,121,116,144,NA,124,96,72,75,118,125,146,NA,NA,146,148,144,NA,NA,NA,NA,NA,148,147,145,NA,138,133,80,54,53,52,118,142,NA,145,144,NA,123,72,48,65,72,117,79,83,NA,NA,NA,143,149,147,139,136,139,138,131,127,133,120,89,60,51,54,58,97,127,128,127,128,126,108,65,52,56,55,95,132,134,135,136,135,135,124,96,64,90,79,73,115,139,NA,NA,129,79,59,84,92,121,144,NA,NA,142,138,148,NA,145,139,140,142,143,147,NA,147,NA,144,145,NA,NA,NA,NA
NA,NA,NA,NA,NA,NA,NA,NA,NA,NA,NA,NA,NA,NA,NA,NA,NA,NA,NA,147,109,70,62,74,99,NA,NA,NA,NA,NA,NA,NA,142,90,69,62,64,116,143,98,85,NA,NA,NA,NA,NA,NA,NA,NA,NA,NA,NA,138,95,59,54,63,100,134,146,145,144,138,128,100,59,54,68,139,131,140,138,142,132,133,121,81,52,57,70,125,121,134,115,87,87,95,115,132,136,NA,NA,NA,148,NA,NA,NA,NA,NA,NA,NA,149,147,147,148,140,134,79,52,52,53,110,141,NA,146,143,146,114,66,46,63,79,123,81,81,NA,NA,NA,145,NA,147,138,134,137,137,132,126,132,120,89,60,50,53,58,98,128,130,129,131,129,112,68,53,57,56,96,132,134,134,135,135,135,125,97,65,92,81,75,116,138,149,149,129,81,61,84,92,121,144,NA,NA,142,137,146,NA,144,139,140,143,144,148,NA,144,NA,144,146,NA,NA,NA,NA
NA,NA,NA,NA,NA,NA,NA,NA,NA,NA,NA,NA,NA,NA,NA,NA,NA,NA,NA,147,111,73,63,73,99,144,NA,NA,NA,NA,NA,NA,140,88,65,62,71,121,141,97,91,NA,NA,NA,NA,NA,NA,NA,NA,NA,NA,NA,137,94,59,55,65,102,136,147,146,145,141,132,105,61,54,66,138,132,143,141,142,135,138,126,86,55,58,67,125,111,107,80,69,100,127,147,146,146,NA,NA,NA,NA,NA,NA,NA,NA,NA,NA,NA,149,149,NA,147,143,135,80,49,52,54,95,135,NA,147,143,142,107,61,46,63,90,133,86,80,149,NA,NA,146,NA,149,139,134,136,136,131,125,132,120,88,59,49,53,58,99,130,132,132,134,132,115,72,54,58,57,97,133,134,133,133,134,134,126,100,68,95,83,77,119,136,143,143,128,84,63,84,91,121,145,NA,NA,142,136,145,NA,143,139,141,144,146,NA,NA,141,NA,143,146,NA,NA,NA,146
NA,NA,NA,NA,NA,NA,NA,NA,NA,NA,NA,NA,NA,NA,NA,NA,NA,NA,NA,148,114,76,63,70,90,134,NA,NA,NA,NA,NA,NA,134,85,61,62,79,127,141,99,95,NA,NA,NA,NA,NA,NA,NA,NA,NA,NA,NA,135,92,59,56,66,103,137,148,145,145,143,135,107,62,54,67,140,134,145,142,143,138,140,126,86,56,58,66,118,86,79,76,96,135,147,NA,NA,148,NA,NA,147,148,NA,NA,NA,NA,NA,NA,NA,NA,NA,NA,146,144,137,85,50,51,55,80,128,145,147,145,142,103,57,45,69,104,141,89,78,145,NA,NA,145,NA,NA,143,136,136,135,130,124,132,121,89,58,48,52,58,99,130,133,134,137,135,117,74,56,60,59,98,133,133,132,131,132,134,127,102,71,97,87,79,122,134,137,138,127,86,65,83,91,121,145,NA,NA,142,136,145,148,142,139,142,146,148,NA,NA,141,NA,142,144,NA,148,NA,147
NA,NA,NA,NA,NA,NA,NA,NA,NA,NA,NA,NA,NA,NA,NA,NA,NA,NA,NA,NA,119,80,63,67,76,119,NA,NA,NA,NA,NA,NA,124,80,59,66,92,136,142,101,90,149,NA,NA,NA,NA,NA,NA,NA,NA,NA,NA,134,91,58,57,65,103,138,149,145,145,143,137,107,62,55,69,143,137,145,141,145,141,141,124,83,55,57,64,109,74,79,103,132,NA,148,145,149,146,NA,NA,148,NA,NA,NA,NA,NA,NA,NA,NA,NA,NA,NA,146,144,137,94,55,50,56,67,121,141,148,148,140,97,52,45,84,119,144,91,78,141,NA,NA,142,NA,NA,144,136,135,134,128,124,132,122,90,58,47,52,59,98,129,134,134,137,135,117,73,56,61,60,99,134,134,132,130,130,134,127,104,73,99,87,79,124,133,133,134,126,87,65,82,90,120,144,NA,NA,142,137,146,148,142,140,143,147,NA,NA,NA,145,NA,141,141,NA,147,NA,NA
NA,NA,NA,NA,NA,NA,NA,NA,NA,NA,NA,NA,NA,NA,NA,NA,NA,NA,NA,NA,127,87,65,64,71,108,NA,NA,NA,NA,NA,NA,106,72,60,77,109,146,142,103,88,146,NA,NA,NA,NA,NA,NA,NA,NA,NA,NA,132,89,58,57,63,104,140,NA,147,146,144,138,108,62,54,69,143,138,145,140,146,143,142,123,81,55,56,61,105,84,107,133,146,NA,142,149,NA,146,NA,NA,NA,NA,NA,NA,NA,NA,NA,NA,NA,NA,NA,NA,147,143,136,106,64,50,56,58,107,135,148,147,131,85,50,55,108,133,143,92,80,137,NA,NA,139,148,149,139,130,131,132,129,124,133,124,91,58,48,53,61,98,130,134,135,137,134,116,71,55,60,60,100,135,135,132,130,130,134,128,105,74,100,87,78,123,132,132,133,124,85,63,81,90,119,143,NA,NA,143,139,NA,148,143,141,145,148,NA,NA,NA,NA,NA,142,141,NA,148,NA,NA
NA,NA,NA,NA,NA,NA,NA,NA,NA,NA,NA,NA,NA,NA,NA,NA,NA,NA,NA,NA,136,94,68,64,70,97,NA,NA,NA,NA,NA,138,84,64,64,91,128,NA,140,100,91,147,NA,NA,NA,148,NA,NA,NA,NA,NA,NA,131,88,58,58,63,105,143,NA,NA,148,146,140,111,63,52,65,141,137,146,142,144,144,145,126,84,56,55,57,105,103,133,146,144,148,146,NA,NA,147,NA,NA,147,NA,NA,NA,NA,NA,NA,NA,NA,NA,NA,NA,NA,141,136,117,73,50,57,54,81,120,143,140,116,71,55,80,132,145,139,92,82,133,NA,148,137,144,141,128,119,123,130,131,125,135,126,93,59,48,54,63,100,132,136,137,138,135,115,71,54,60,60,101,136,136,133,131,129,134,128,106,76,99,85,76,122,132,133,133,122,82,60,79,90,118,141,NA,NA,143,142,NA,NA,144,142,146,NA,NA,NA,NA,NA,NA,144,144,NA,NA,NA,NA
NA,NA,NA,NA,NA,NA,NA,NA,NA,NA,NA,NA,NA,NA,NA,NA,NA,NA,NA,NA,142,99,71,65,64,83,132,NA,NA,NA,148,117,70,59,68,102,140,NA,140,98,90,145,NA,NA,NA,131,128,130,NA,NA,NA,NA,130,87,58,59,64,106,146,NA,NA,NA,147,141,114,64,50,61,137,135,147,145,142,144,148,130,87,59,55,54,106,113,142,145,143,NA,NA,NA,NA,147,148,148,141,145,NA,147,NA,NA,NA,NA,NA,NA,NA,NA,NA,139,135,125,80,49,56,51,56,104,136,133,103,63,63,104,147,NA,136,92,84,131,NA,146,137,142,135,119,110,117,129,133,125,136,127,94,60,49,55,64,102,134,138,138,140,135,115,70,54,59,60,101,137,136,134,132,129,133,128,106,76,98,85,75,121,133,134,134,122,81,59,78,89,118,139,148,NA,144,144,NA,NA,145,143,147,NA,NA,NA,NA,148,NA,147,148,NA,NA,NA,NA
NA,NA,NA,NA,NA,NA,NA,NA,NA,NA,NA,NA,NA,NA,NA,NA,NA,NA,NA,NA,NA,121,87,68,58,86,105,137,NA,NA,124,99,67,71,107,137,144,NA,146,91,92,145,NA,NA,140,100,96,138,NA,NA,NA,NA,127,75,53,61,66,105,142,NA,NA,NA,148,139,109,66,53,56,128,131,149,148,NA,144,139,128,95,58,50,63,113,122,137,143,146,NA,NA,141,NA,NA,146,146,145,143,148,NA,NA,NA,NA,NA,NA,NA,NA,148,146,138,136,131,105,67,49,52,48,81,119,116,76,64,99,135,NA,145,NA,95,81,134,142,NA,133,134,132,79,81,107,130,132,123,133,126,92,56,43,52,65,100,133,142,140,136,140,122,65,57,60,62,92,136,141,126,133,132,134,127,106,78,103,85,71,121,138,134,131,122,78,55,82,90,104,137,143,NA,144,NA,NA,NA,145,147,NA,146,148,NA,NA,142,NA,146,148,NA,NA,NA,NA
NA,NA,NA,NA,NA,NA,NA,NA,NA,NA,NA,NA,NA,NA,NA,NA,NA,NA,NA,NA,NA,132,97,70,67,80,89,117,NA,126,100,77,67,90,137,NA,149,NA,141,94,82,147,NA,138,115,95,110,NA,NA,NA,NA,NA,122,77,56,61,65,109,145,NA,148,NA,NA,141,108,64,53,60,133,135,149,146,147,149,147,129,90,54,49,60,125,124,137,146,142,144,NA,149,123,131,143,NA,NA,NA,NA,NA,NA,NA,NA,NA,NA,NA,NA,148,144,140,139,135,114,80,56,48,46,67,90,86,70,85,119,137,NA,144,147,92,80,134,143,147,136,123,114,70,84,113,132,132,126,131,120,91,62,50,53,60,105,126,134,144,144,138,118,67,57,57,59,91,136,146,132,135,130,130,122,97,68,96,85,78,119,139,135,127,118,82,59,80,74,91,128,141,NA,146,NA,NA,NA,147,NA,NA,147,148,NA,NA,144,NA,146,146,NA,NA,NA,NA
NA,NA,NA,NA,NA,NA,NA,NA,NA,NA,NA,NA,NA,NA,NA,NA,NA,NA,NA,NA,NA,147,114,81,69,74,80,98,135,95,85,79,91,117,NA,NA,NA,NA,139,93,87,145,NA,107,94,106,134,NA,NA,NA,NA,144,109,71,53,53,64,107,140,145,144,NA,NA,141,106,62,52,64,139,138,149,144,141,NA,148,120,79,51,49,58,127,126,136,142,140,141,137,123,83,109,136,147,NA,NA,NA,NA,NA,NA,NA,NA,NA,NA,NA,NA,142,143,143,139,126,101,70,48,46,54,62,64,76,113,140,137,NA,145,144,92,81,132,140,136,119,100,98,73,100,124,134,129,127,119,99,74,56,51,52,55,90,104,116,141,147,137,117,73,58,55,57,85,125,138,129,132,128,128,119,95,66,95,85,79,114,135,137,131,118,81,56,68,74,88,126,141,NA,148,NA,NA,NA,NA,NA,NA,146,148,NA,NA,145,NA,145,145,NA,NA,NA,NA
NA,NA,NA,NA,NA,NA,NA,NA,NA,NA,NA,NA,NA,NA,NA,NA,NA,NA,NA,NA,NA,NA,133,102,71,75,83,88,118,73,89,105,125,137,NA,NA,149,NA,136,86,94,127,141,89,103,135,NA,NA,NA,NA,NA,127,92,64,53,52,61,90,121,139,146,148,146,139,105,59,50,65,142,140,149,144,142,149,138,103,68,52,56,61,121,124,135,142,147,147,119,77,75,109,140,147,147,NA,NA,147,NA,NA,NA,NA,NA,NA,NA,NA,142,145,144,141,136,122,91,62,52,47,51,62,84,117,135,127,149,147,142,95,84,125,130,118,84,77,99,96,124,134,132,126,130,111,82,58,47,49,52,56,59,83,105,134,143,138,124,82,57,56,58,74,96,110,115,125,126,123,113,92,69,98,83,68,91,107,123,132,116,76,57,76,103,108,135,144,NA,146,NA,NA,NA,NA,NA,NA,144,146,NA,NA,143,NA,145,146,NA,NA,NA,144
NA,NA,NA,NA,NA,NA,NA,NA,NA,NA,NA,NA,NA,NA,NA,NA,NA,NA,NA,NA,NA,NA,148,128,91,83,82,75,110,65,89,106,120,125,127,124,127,134,112,73,77,96,125,106,134,NA,NA,NA,NA,NA,141,111,79,60,56,59,56,70,100,137,NA,148,141,141,102,56,50,67,144,139,149,146,147,144,121,85,59,54,58,58,116,109,124,144,141,121,93,68,105,132,NA,NA,148,NA,NA,NA,NA,NA,NA,NA,NA,NA,NA,NA,143,146,144,140,142,138,114,87,67,48,46,60,71,86,101,106,132,131,124,88,75,102,107,93,67,77,118,120,137,133,129,127,133,115,88,66,54,51,53,56,53,91,118,136,140,142,134,91,56,54,58,63,67,83,105,122,126,113,95,77,63,97,79,59,67,69,88,112,101,66,71,109,139,132,145,145,NA,142,NA,NA,NA,148,147,148,141,143,NA,NA,139,NA,145,147,NA,NA,NA,139
NA,NA,NA,NA,NA,NA,NA,NA,NA,NA,NA,NA,NA,NA,NA,NA,NA,NA,NA,NA,NA,NA,NA,148,124,103,89,68,112,64,79,77,76,89,95,92,89,85,72,58,56,84,140,142,NA,NA,NA,NA,NA,NA,143,115,81,57,52,55,61,71,100,140,NA,NA,143,142,97,54,53,74,148,139,149,149,145,133,106,76,60,57,57,52,112,82,92,124,110,72,73,100,135,148,NA,NA,146,148,NA,147,NA,NA,NA,NA,NA,NA,NA,NA,145,146,144,141,144,145,131,113,89,61,50,54,49,49,65,79,97,94,86,66,54,70,83,76,86,101,141,131,136,128,127,130,128,121,107,88,67,53,52,59,85,122,142,147,142,145,142,103,64,56,57,59,59,83,112,126,127,107,83,67,62,105,89,68,74,57,63,82,75,61,86,131,NA,142,146,143,NA,139,NA,NA,NA,144,144,146,140,142,NA,NA,137,NA,144,146,NA,NA,NA,137
NA,NA,NA,NA,NA,NA,NA,NA,NA,NA,NA,NA,NA,NA,NA,NA,NA,NA,NA,NA,NA,NA,NA,NA,146,130,120,86,124,67,77,64,54,66,71,69,66,57,57,67,78,109,NA,NA,NA,NA,NA,NA,NA,NA,NA,138,104,70,57,59,83,104,129,148,NA,NA,144,135,90,54,60,85,NA,142,149,NA,144,132,113,97,87,80,74,68,111,72,64,83,76,64,90,130,148,147,147,146,146,145,144,143,149,NA,NA,NA,NA,NA,NA,NA,148,147,146,146,147,146,139,133,115,90,73,64,50,47,54,57,74,67,60,56,49,61,86,93,116,127,NA,133,135,131,132,130,124,128,124,105,76,58,66,85,124,143,NA,NA,146,145,148,121,88,65,59,65,75,107,131,129,128,114,97,90,91,136,120,99,88,65,57,64,66,79,112,140,NA,142,146,144,NA,138,148,NA,NA,142,143,147,141,142,NA,NA,138,NA,140,141,NA,NA,NA,140
NA,NA,NA,NA,NA,NA,NA,NA,NA,NA,NA,NA,NA,NA,NA,NA,NA,NA,NA,NA,NA,NA,NA,NA,NA,NA,NA,113,136,70,85,76,70,69,62,62,68,65,70,91,121,143,NA,NA,NA,NA,NA,NA,NA,NA,NA,NA,130,94,76,78,105,139,NA,NA,149,NA,144,125,86,53,66,93,NA,144,149,NA,NA,142,134,130,124,113,104,99,117,82,56,53,64,95,128,143,NA,144,142,147,NA,NA,145,144,148,NA,NA,NA,NA,NA,NA,NA,NA,148,148,NA,148,143,142,143,132,114,98,81,67,65,60,44,74,65,58,64,62,73,109,126,133,139,NA,134,140,141,137,127,129,136,135,114,81,68,90,122,144,144,140,NA,148,144,NA,138,112,76,62,73,95,132,145,127,130,126,123,126,129,NA,NA,128,83,66,57,60,75,111,143,NA,NA,141,146,147,NA,140,145,NA,NA,140,143,148,142,143,NA,NA,140,NA,138,136,146,147,NA,144
NA,NA,NA,NA,NA,NA,NA,NA,NA,NA,NA,NA,NA,NA,NA,NA,NA,NA,NA,NA,NA,NA,NA,NA,NA,NA,NA,NA,NA,114,112,95,84,82,79,81,89,102,117,125,NA,NA,NA,NA,NA,NA,NA,NA,NA,NA,NA,NA,145,131,119,111,145,NA,NA,142,148,NA,143,112,69,57,81,121,NA,143,140,NA,146,147,148,147,144,140,135,132,NA,123,89,80,98,124,140,145,146,149,148,144,144,148,149,146,NA,NA,NA,NA,NA,NA,NA,NA,146,145,145,146,NA,NA,148,146,135,131,123,114,104,92,81,73,86,82,76,90,99,114,141,138,140,136,NA,137,144,140,137,135,130,137,140,129,113,108,119,132,140,143,147,NA,NA,NA,NA,NA,131,105,87,99,125,139,137,131,133,129,128,127,134,NA,146,121,113,85,69,88,118,135,140,140,NA,NA,144,NA,NA,145,142,NA,146,146,146,145,144,146,NA,NA,142,NA,142,144,NA,148,NA,147
NA,NA,NA,NA,NA,NA,NA,NA,NA,NA,NA,NA,NA,NA,NA,NA,NA,NA,NA,NA,NA,NA,NA,NA,148,NA,NA,NA,NA,141,147,133,119,116,114,114,120,129,141,147,NA,NA,NA,NA,NA,NA,NA,NA,NA,NA,NA,NA,NA,NA,144,139,148,NA,NA,147,NA,NA,132,100,66,75,106,133,NA,NA,142,137,NA,NA,NA,NA,NA,147,143,141,NA,146,126,122,133,145,147,144,147,149,149,145,146,149,NA,148,NA,NA,NA,NA,NA,NA,NA,NA,147,147,146,148,NA,NA,148,146,142,140,137,133,129,122,115,109,122,119,111,123,126,134,NA,146,142,139,NA,138,145,140,138,136,134,138,139,134,128,128,134,142,142,145,NA,NA,NA,NA,NA,NA,NA,133,122,128,140,144,141,138,136,132,132,131,137,NA,NA,125,134,116,106,118,134,141,144,148,NA,NA,144,NA,NA,146,144,NA,NA,NA,NA,146,145,145,NA,NA,143,NA,143,145,NA,NA,NA,148
NA,NA,NA,NA,NA,NA,NA,NA,NA,NA,NA,NA,NA,NA,NA,NA,NA,NA,NA,NA,NA,NA,NA,NA,NA,NA,NA,NA,NA,NA,NA,NA,144,143,141,140,143,148,NA,NA,NA,NA,NA,NA,NA,NA,NA,NA,NA,NA,NA,NA,NA,NA,NA,NA,NA,NA,148,NA,NA,143,111,81,70,99,135,146,NA,NA,NA,NA,NA,NA,NA,NA,148,146,145,144,NA,NA,149,148,NA,NA,147,139,147,NA,NA,147,147,NA,NA,NA,NA,NA,NA,NA,NA,NA,NA,NA,NA,NA,NA,NA,NA,NA,NA,147,141,141,141,142,143,141,137,134,147,143,136,145,144,144,NA,145,145,142,NA,140,146,141,139,138,141,140,140,141,143,145,146,146,145,147,NA,NA,NA,NA,NA,NA,NA,NA,148,148,146,142,139,139,140,137,137,136,141,NA,NA,131,143,137,136,141,142,139,142,NA,NA,NA,144,NA,NA,147,146,NA,NA,NA,NA,148,146,146,NA,NA,144,NA,145,148,NA,NA,NA,NA
NA,NA,NA,NA,NA,NA,NA,NA,NA,NA,NA,NA,NA,NA,NA,NA,NA,NA,NA,NA,NA,NA,NA,NA,NA,NA,NA,NA,NA,148,NA,148,149,149,148,148,NA,NA,NA,NA,NA,NA,NA,NA,NA,NA,NA,NA,NA,NA,NA,NA,NA,NA,NA,NA,NA,NA,NA,NA,NA,126,95,75,98,125,NA,NA,NA,NA,NA,NA,NA,NA,147,146,144,144,145,145,NA,NA,149,146,147,148,145,142,148,NA,NA,148,149,NA,NA,NA,NA,NA,NA,NA,NA,NA,NA,NA,NA,NA,NA,NA,NA,NA,NA,147,139,139,140,142,144,143,140,137,NA,147,139,147,145,144,NA,143,147,144,NA,142,146,141,140,141,145,144,144,145,147,147,145,143,146,148,NA,NA,NA,NA,NA,NA,NA,NA,NA,NA,144,139,138,139,142,139,140,140,144,NA,NA,135,140,141,144,146,141,136,141,NA,NA,NA,145,NA,NA,NA,148,NA,NA,NA,NA,NA,147,148,NA,NA,144,NA,147,NA,NA,NA,NA,NA
NA,NA,146,143,147,NA,NA,NA,NA,NA,NA,NA,NA,NA,NA,NA,NA,NA,NA,NA,NA,NA,NA,NA,148,NA,NA,NA,NA,NA,NA,NA,149,NA,NA,NA,NA,NA,NA,NA,NA,NA,NA,NA,NA,NA,NA,NA,NA,NA,NA,NA,NA,NA,NA,NA,NA,NA,NA,NA,147,120,101,96,134,144,NA,NA,NA,NA,NA,NA,NA,NA,NA,148,147,148,NA,NA,NA,NA,NA,146,145,147,148,149,NA,NA,NA,149,NA,NA,NA,NA,NA,NA,NA,NA,148,NA,NA,NA,NA,NA,NA,NA,NA,NA,NA,148,144,144,145,146,148,147,143,140,NA,149,139,146,144,144,NA,146,146,144,NA,141,145,140,140,143,143,146,NA,NA,147,145,144,144,146,148,NA,NA,NA,NA,NA,NA,NA,NA,NA,148,147,146,144,143,142,140,142,141,145,NA,NA,138,144,145,147,147,144,142,148,NA,NA,NA,146,NA,NA,NA,NA,NA,NA,NA,NA,NA,147,NA,NA,NA,144,NA,148,NA,NA,NA,NA,NA
NA,NA,NA,NA,NA,NA,NA,NA,NA,NA,NA,NA,NA,NA,NA,NA,NA,NA,NA,NA,NA,NA,NA,NA,NA,NA,NA,NA,NA,NA,NA,NA,147,149,NA,NA,NA,NA,NA,NA,149,NA,NA,NA,NA,NA,NA,NA,NA,NA,NA,NA,NA,NA,NA,NA,NA,NA,NA,NA,147,129,123,130,148,148,NA,NA,NA,146,NA,NA,NA,NA,NA,148,147,147,148,148,NA,NA,NA,NA,NA,NA,149,148,NA,NA,NA,149,149,NA,NA,NA,NA,NA,NA,148,148,NA,NA,NA,NA,NA,NA,NA,NA,NA,NA,NA,148,148,149,NA,NA,NA,149,146,NA,NA,142,147,143,143,NA,146,143,141,NA,140,143,138,140,144,139,145,NA,NA,148,146,147,NA,146,147,148,NA,NA,NA,NA,NA,NA,NA,NA,147,NA,NA,148,142,141,140,143,142,145,NA,NA,139,NA,NA,NA,147,146,147,NA,NA,NA,NA,148,NA,NA,NA,NA,NA,NA,NA,NA,147,146,148,NA,NA,144,NA,148,NA,NA,NA,NA,NA
NA,NA,NA,NA,NA,NA,NA,NA,NA,NA,NA,NA,NA,NA,NA,NA,NA,NA,NA,NA,NA,NA,NA,NA,NA,NA,NA,NA,NA,NA,NA,NA,145,147,NA,NA,NA,NA,NA,NA,149,NA,NA,NA,NA,NA,NA,NA,NA,NA,NA,NA,NA,NA,NA,NA,NA,NA,NA,NA,148,141,142,149,147,147,NA,NA,NA,NA,NA,NA,NA,148,147,145,144,143,142,142,NA,NA,NA,NA,NA,NA,NA,148,NA,NA,NA,149,149,NA,NA,149,NA,NA,NA,148,NA,NA,NA,NA,NA,NA,NA,NA,NA,NA,NA,NA,147,147,148,NA,NA,NA,148,145,NA,NA,141,146,142,140,NA,141,139,138,NA,137,141,136,140,145,140,145,NA,NA,NA,148,NA,NA,147,148,148,NA,NA,NA,NA,NA,NA,NA,NA,148,NA,NA,148,139,141,141,144,143,145,NA,NA,141,148,NA,NA,NA,147,147,148,NA,NA,NA,NA,NA,NA,NA,NA,NA,NA,NA,NA,146,143,145,NA,NA,143,NA,148,NA,NA,NA,NA,NA
NA,NA,NA,149,NA,NA,NA,NA,NA,NA,NA,NA,NA,NA,NA,NA,NA,NA,NA,NA,NA,NA,NA,NA,NA,NA,NA,NA,NA,NA,NA,NA,146,148,NA,NA,NA,NA,NA,NA,149,NA,NA,NA,NA,NA,NA,NA,NA,NA,NA,NA,NA,NA,NA,NA,NA,NA,NA,NA,148,146,147,NA,148,NA,NA,142,NA,NA,NA,147,NA,148,147,146,144,142,141,140,NA,NA,NA,147,NA,NA,NA,NA,NA,NA,NA,NA,148,NA,NA,147,NA,NA,NA,148,NA,NA,NA,NA,NA,NA,NA,NA,NA,NA,NA,NA,NA,NA,NA,NA,NA,NA,146,143,NA,NA,142,148,144,142,NA,141,137,136,NA,136,139,135,140,145,144,145,147,148,148,148,147,146,148,148,NA,NA,NA,NA,NA,NA,146,NA,NA,NA,NA,NA,NA,142,141,142,146,144,146,NA,NA,143,144,NA,NA,NA,NA,NA,NA,NA,NA,NA,NA,NA,NA,NA,NA,NA,NA,NA,NA,145,141,143,147,NA,142,NA,148,NA,NA,NA,NA,NA
NA,NA,NA,NA,NA,NA,NA,NA,NA,NA,NA,149,149,NA,NA,NA,NA,NA,NA,NA,NA,NA,NA,NA,NA,NA,NA,NA,NA,NA,NA,NA,NA,NA,NA,NA,NA,NA,NA,NA,NA,NA,NA,NA,NA,NA,NA,NA,NA,NA,NA,NA,NA,NA,NA,NA,NA,NA,NA,NA,148,147,147,148,144,143,148,144,NA,NA,NA,NA,NA,147,145,145,144,142,143,147,NA,NA,NA,NA,NA,NA,NA,NA,NA,NA,NA,NA,NA,NA,NA,NA,NA,NA,NA,NA,NA,NA,NA,NA,NA,NA,NA,NA,NA,NA,NA,NA,NA,NA,NA,NA,NA,148,146,144,NA,NA,144,147,141,142,NA,141,148,138,NA,140,139,138,145,144,140,143,146,148,NA,NA,148,147,NA,NA,147,147,148,NA,NA,NA,148,148,NA,NA,NA,NA,145,141,145,145,148,148,NA,NA,NA,144,NA,NA,NA,NA,NA,NA,NA,NA,NA,NA,NA,NA,NA,NA,NA,NA,NA,NA,NA,NA,146,142,144,NA,135,148,143,NA,NA,NA,NA,147
NA,NA,NA,NA,NA,NA,NA,NA,NA,NA,NA,149,148,149,NA,NA,NA,NA,NA,NA,NA,NA,NA,NA,NA,NA,NA,NA,NA,NA,NA,NA,NA,NA,NA,NA,NA,NA,NA,NA,NA,NA,NA,NA,NA,NA,NA,NA,NA,NA,NA,NA,NA,NA,NA,NA,NA,NA,NA,NA,NA,NA,148,147,145,144,NA,145,NA,NA,NA,NA,NA,148,145,146,145,143,144,148,NA,NA,NA,NA,NA,NA,NA,NA,NA,NA,NA,NA,NA,NA,NA,NA,NA,NA,NA,NA,NA,NA,NA,NA,NA,NA,NA,NA,NA,NA,NA,NA,NA,NA,NA,NA,NA,NA,146,144,NA,NA,142,146,142,144,NA,145,147,138,NA,140,140,139,146,145,140,142,145,146,147,146,146,147,NA,NA,147,148,NA,NA,NA,NA,NA,NA,NA,NA,NA,NA,146,143,144,144,147,147,NA,NA,NA,143,NA,NA,NA,NA,NA,NA,NA,NA,NA,NA,NA,NA,NA,NA,NA,NA,NA,NA,NA,NA,146,142,144,NA,135,147,142,NA,NA,NA,NA,146
NA,NA,NA,NA,NA,NA,NA,NA,NA,NA,NA,148,148,149,NA,NA,NA,NA,NA,NA,NA,NA,NA,NA,NA,NA,NA,NA,NA,NA,NA,NA,148,NA,NA,NA,NA,NA,NA,NA,NA,NA,NA,NA,NA,NA,NA,NA,NA,NA,NA,NA,NA,NA,NA,NA,NA,NA,NA,NA,NA,NA,NA,NA,147,146,NA,147,NA,NA,NA,NA,NA,NA,146,147,147,144,146,NA,NA,NA,NA,NA,NA,NA,NA,NA,NA,NA,NA,NA,NA,NA,NA,NA,148,148,NA,NA,NA,NA,NA,NA,NA,NA,NA,NA,NA,NA,NA,NA,NA,NA,NA,NA,NA,NA,148,146,147,148,141,146,144,147,NA,149,146,137,NA,141,141,141,148,146,140,142,144,144,143,143,145,146,148,147,147,NA,NA,NA,NA,NA,NA,NA,NA,NA,NA,NA,148,145,143,143,146,145,148,NA,NA,142,147,148,NA,NA,NA,NA,NA,148,NA,NA,NA,NA,NA,NA,NA,NA,NA,NA,147,147,144,141,143,NA,135,147,142,NA,NA,NA,NA,146
NA,NA,NA,NA,NA,NA,NA,NA,NA,NA,149,148,148,149,NA,NA,NA,NA,NA,NA,NA,NA,NA,NA,NA,NA,NA,NA,NA,NA,NA,NA,145,NA,NA,NA,NA,NA,NA,NA,NA,NA,NA,NA,NA,NA,NA,NA,NA,NA,NA,NA,NA,NA,NA,NA,NA,NA,NA,NA,NA,NA,NA,NA,NA,148,NA,NA,NA,NA,NA,NA,NA,NA,147,148,148,146,147,NA,NA,NA,NA,NA,NA,NA,NA,NA,NA,NA,NA,NA,NA,NA,NA,NA,147,148,NA,NA,NA,NA,NA,NA,NA,NA,NA,NA,NA,NA,NA,NA,NA,NA,NA,NA,NA,NA,148,146,147,148,141,146,144,147,NA,149,145,137,NA,142,142,142,NA,147,140,142,144,143,141,141,143,147,147,147,148,NA,NA,NA,NA,NA,NA,NA,NA,NA,NA,NA,NA,147,143,142,145,143,146,NA,NA,142,145,147,NA,NA,NA,NA,148,147,NA,NA,NA,NA,NA,NA,NA,NA,NA,147,145,146,143,141,144,NA,137,NA,145,NA,NA,NA,NA,147
NA,NA,NA,NA,NA,NA,NA,NA,NA,NA,NA,NA,NA,NA,NA,NA,NA,NA,NA,NA,NA,NA,NA,NA,NA,NA,NA,NA,NA,NA,NA,NA,145,149,NA,NA,NA,NA,NA,NA,NA,NA,NA,NA,NA,NA,NA,NA,NA,NA,NA,NA,NA,NA,NA,NA,NA,NA,NA,NA,NA,NA,NA,NA,NA,NA,NA,NA,NA,NA,NA,NA,NA,NA,147,NA,148,146,148,NA,NA,NA,NA,NA,NA,NA,NA,NA,NA,NA,NA,NA,NA,NA,NA,NA,NA,NA,NA,NA,NA,NA,NA,148,NA,NA,148,148,148,NA,NA,NA,NA,NA,NA,NA,NA,NA,147,145,NA,NA,142,147,143,145,NA,146,144,136,NA,142,142,142,148,146,139,142,145,143,141,140,144,148,147,147,148,NA,NA,NA,NA,NA,NA,NA,NA,NA,NA,NA,NA,147,143,142,144,142,145,NA,NA,142,144,145,148,NA,NA,NA,148,146,NA,148,147,NA,NA,NA,NA,NA,NA,147,145,145,143,141,145,NA,139,NA,148,NA,NA,NA,NA,NA
NA,NA,NA,NA,NA,NA,NA,NA,NA,NA,NA,NA,NA,NA,NA,NA,NA,NA,NA,NA,NA,NA,NA,NA,NA,NA,NA,NA,NA,NA,NA,NA,148,NA,NA,NA,NA,NA,NA,NA,NA,NA,NA,NA,NA,NA,NA,NA,NA,NA,NA,NA,NA,NA,NA,NA,NA,NA,NA,NA,NA,NA,NA,NA,NA,NA,NA,NA,NA,NA,NA,NA,NA,NA,147,148,148,146,148,NA,NA,NA,NA,NA,NA,NA,NA,NA,NA,NA,NA,NA,NA,NA,NA,NA,NA,NA,NA,NA,NA,NA,NA,NA,NA,NA,147,147,147,NA,NA,NA,NA,NA,NA,NA,NA,NA,146,144,NA,NA,143,147,143,144,NA,144,143,135,NA,142,142,140,146,143,138,143,147,146,143,142,147,NA,NA,NA,NA,NA,NA,NA,NA,NA,NA,NA,NA,NA,NA,NA,148,145,144,143,144,142,145,NA,NA,143,143,145,146,148,NA,148,148,147,NA,146,145,NA,NA,NA,NA,NA,NA,147,144,145,143,142,147,NA,141,NA,NA,NA,NA,NA,NA,NA
NA,NA,NA,NA,NA,NA,NA,NA,NA,NA,NA,NA,NA,NA,NA,NA,NA,NA,NA,NA,NA,NA,NA,NA,NA,NA,NA,NA,NA,NA,NA,NA,NA,NA,NA,NA,NA,NA,NA,NA,NA,NA,NA,NA,NA,NA,NA,NA,NA,NA,NA,NA,NA,NA,NA,NA,NA,NA,NA,NA,NA,NA,NA,NA,NA,NA,NA,NA,NA,NA,NA,NA,NA,148,146,147,147,146,148,NA,NA,NA,NA,NA,NA,NA,NA,NA,NA,NA,NA,NA,NA,NA,NA,NA,NA,NA,NA,NA,NA,NA,NA,NA,NA,NA,NA,148,148,NA,NA,NA,NA,NA,NA,NA,NA,149,145,143,NA,NA,143,147,143,145,NA,145,143,135,NA,141,140,139,144,140,136,143,NA,NA,147,145,NA,NA,NA,NA,NA,NA,NA,NA,NA,NA,NA,NA,NA,NA,NA,NA,146,143,145,143,144,142,145,NA,NA,144,144,144,145,146,147,148,148,148,NA,146,146,NA,NA,NA,NA,NA,NA,147,145,145,144,143,NA,NA,141,NA,NA,NA,NA,NA,NA,NA
NA,NA,NA,NA,NA,NA,NA,NA,NA,NA,NA,NA,NA,NA,NA,NA,NA,NA,NA,NA,NA,NA,NA,NA,NA,NA,NA,NA,NA,NA,NA,NA,NA,NA,NA,NA,NA,NA,NA,NA,NA,NA,NA,NA,NA,NA,NA,NA,NA,NA,NA,NA,NA,NA,NA,NA,NA,NA,NA,NA,NA,NA,NA,NA,NA,NA,NA,NA,NA,NA,NA,NA,NA,147,145,147,147,146,148,NA,NA,NA,NA,NA,NA,NA,NA,NA,NA,NA,NA,NA,NA,NA,NA,NA,NA,NA,NA,NA,NA,NA,NA,NA,NA,NA,NA,NA,NA,NA,NA,NA,NA,NA,NA,NA,NA,148,144,142,NA,NA,142,147,143,145,NA,146,143,135,NA,141,140,137,142,138,135,143,NA,NA,NA,148,NA,NA,NA,NA,NA,NA,NA,NA,NA,NA,148,148,NA,NA,NA,NA,145,141,146,144,145,142,145,NA,NA,145,144,144,144,145,145,147,148,NA,NA,146,147,NA,NA,NA,NA,NA,NA,147,145,145,144,144,NA,NA,140,NA,NA,NA,NA,NA,NA,NA
NA,NA,NA,NA,NA,NA,NA,NA,NA,NA,NA,NA,NA,NA,NA,NA,NA,NA,NA,NA,NA,NA,NA,NA,NA,NA,NA,NA,NA,NA,NA,NA,NA,NA,NA,NA,NA,NA,NA,NA,NA,NA,NA,NA,NA,NA,NA,NA,NA,NA,NA,NA,NA,NA,NA,NA,NA,NA,NA,NA,NA,NA,NA,NA,NA,NA,NA,144,NA,NA,NA,NA,NA,NA,148,148,NA,NA,NA,NA,NA,NA,NA,NA,NA,NA,NA,NA,NA,NA,NA,NA,NA,NA,NA,NA,NA,NA,NA,NA,NA,NA,NA,NA,NA,NA,NA,NA,NA,NA,NA,NA,NA,NA,NA,NA,NA,145,144,145,NA,NA,144,147,142,144,NA,144,142,137,NA,138,138,140,147,141,140,140,NA,NA,NA,NA,NA,147,NA,NA,NA,NA,NA,NA,NA,NA,NA,NA,NA,NA,NA,NA,148,147,144,146,NA,147,147,NA,NA,147,146,144,142,141,142,145,NA,NA,NA,NA,148,NA,NA,NA,NA,NA,NA,NA,NA,147,147,NA,NA,NA,NA,NA,NA,NA,NA,NA,NA,NA
NA,NA,NA,NA,NA,NA,NA,NA,NA,NA,NA,NA,NA,NA,NA,NA,NA,NA,NA,NA,NA,NA,NA,NA,NA,NA,NA,NA,NA,NA,NA,NA,NA,NA,NA,NA,NA,NA,NA,NA,NA,NA,NA,NA,NA,NA,NA,NA,NA,NA,NA,NA,NA,NA,NA,NA,NA,NA,NA,NA,NA,NA,NA,NA,NA,NA,NA,144,NA,NA,NA,NA,NA,NA,148,148,NA,NA,NA,NA,NA,NA,NA,NA,NA,NA,NA,NA,NA,NA,NA,NA,NA,NA,NA,NA,NA,NA,NA,NA,NA,NA,NA,NA,NA,NA,NA,NA,NA,NA,NA,NA,NA,NA,NA,NA,148,144,143,144,NA,NA,144,147,143,144,NA,145,141,136,NA,138,138,140,145,140,141,140,NA,NA,NA,NA,NA,148,NA,NA,NA,NA,NA,NA,NA,NA,NA,NA,NA,NA,NA,NA,148,147,145,147,NA,NA,NA,NA,NA,148,148,146,144,142,142,144,146,148,NA,NA,148,NA,NA,NA,149,NA,NA,NA,NA,149,149,NA,NA,NA,147,147,148,NA,NA,NA,NA,148
NA,NA,NA,NA,NA,NA,NA,NA,NA,NA,NA,NA,NA,NA,NA,NA,NA,NA,NA,NA,NA,NA,NA,NA,NA,NA,NA,NA,NA,NA,NA,NA,NA,NA,NA,NA,NA,NA,NA,NA,NA,NA,NA,NA,NA,NA,NA,NA,NA,NA,NA,NA,NA,NA,NA,NA,NA,NA,NA,NA,NA,NA,NA,NA,NA,NA,NA,145,NA,NA,NA,NA,NA,NA,148,148,NA,NA,NA,NA,NA,NA,NA,NA,NA,NA,NA,NA,NA,NA,NA,NA,NA,NA,NA,NA,NA,NA,NA,NA,NA,NA,NA,NA,NA,NA,NA,NA,NA,NA,NA,NA,NA,NA,NA,NA,148,145,143,144,NA,NA,145,148,143,145,NA,146,140,135,NA,138,138,139,144,138,142,141,NA,NA,NA,NA,NA,NA,NA,148,148,NA,NA,NA,NA,NA,NA,NA,NA,NA,NA,NA,147,146,147,NA,NA,NA,NA,NA,NA,148,NA,148,145,143,142,142,144,145,NA,NA,148,NA,NA,NA,NA,NA,NA,NA,NA,NA,NA,NA,NA,NA,145,145,146,148,NA,NA,NA,148
NA,NA,NA,NA,NA,NA,NA,NA,NA,NA,NA,NA,NA,NA,NA,NA,NA,NA,NA,NA,NA,NA,NA,NA,NA,NA,NA,NA,NA,NA,NA,NA,148,148,NA,148,148,NA,NA,NA,NA,NA,NA,NA,NA,NA,NA,NA,NA,NA,NA,NA,NA,NA,NA,NA,NA,NA,NA,NA,NA,NA,NA,148,NA,NA,NA,146,NA,NA,NA,NA,NA,NA,NA,NA,NA,NA,NA,NA,NA,NA,NA,NA,NA,NA,NA,NA,NA,NA,NA,NA,NA,NA,NA,NA,NA,NA,NA,NA,NA,NA,NA,NA,NA,NA,NA,NA,NA,NA,NA,NA,NA,NA,NA,NA,NA,147,145,145,NA,NA,145,147,143,145,NA,146,140,136,NA,141,141,141,145,138,143,141,NA,NA,NA,NA,NA,NA,147,146,146,148,NA,NA,NA,NA,NA,NA,NA,NA,NA,148,145,144,146,148,NA,NA,NA,NA,NA,148,NA,147,145,144,143,144,145,146,NA,NA,149,NA,NA,NA,NA,NA,NA,NA,NA,NA,NA,NA,NA,NA,147,147,148,NA,NA,NA,NA,NA
NA,NA,NA,NA,NA,NA,NA,NA,NA,NA,NA,NA,NA,NA,NA,NA,NA,NA,NA,NA,NA,NA,NA,NA,NA,NA,NA,NA,NA,NA,NA,NA,146,147,147,147,147,NA,NA,NA,NA,NA,NA,NA,NA,NA,NA,NA,NA,NA,NA,NA,NA,NA,NA,NA,NA,NA,NA,NA,148,148,NA,NA,NA,NA,NA,147,NA,147,148,NA,NA,NA,NA,NA,NA,NA,NA,NA,NA,NA,NA,NA,NA,NA,NA,NA,NA,NA,NA,NA,NA,NA,NA,NA,NA,NA,NA,NA,NA,NA,NA,NA,NA,NA,NA,NA,NA,NA,NA,NA,NA,NA,NA,NA,NA,NA,NA,147,NA,NA,144,146,142,144,NA,147,142,139,NA,145,144,143,146,138,143,141,NA,NA,148,NA,NA,NA,147,146,146,148,NA,NA,NA,NA,NA,NA,NA,NA,NA,146,144,142,145,146,NA,NA,NA,NA,NA,147,145,145,145,145,146,147,NA,NA,NA,NA,149,NA,NA,NA,NA,NA,NA,NA,NA,NA,NA,NA,NA,NA,NA,NA,NA,NA,NA,NA,NA,NA
NA,NA,NA,NA,NA,NA,NA,NA,NA,NA,NA,NA,NA,NA,NA,NA,NA,NA,NA,NA,NA,NA,NA,NA,NA,NA,NA,NA,NA,NA,NA,NA,145,146,146,146,147,NA,NA,NA,NA,NA,NA,147,NA,NA,NA,NA,NA,NA,NA,NA,NA,NA,NA,NA,NA,NA,NA,148,147,148,NA,NA,NA,NA,NA,148,NA,146,146,NA,NA,NA,NA,NA,NA,NA,NA,NA,NA,NA,NA,NA,NA,NA,NA,NA,NA,NA,NA,NA,NA,NA,NA,NA,NA,NA,NA,NA,NA,NA,NA,NA,NA,NA,NA,NA,NA,NA,NA,NA,NA,NA,NA,NA,NA,NA,NA,NA,NA,NA,143,145,140,143,NA,146,143,140,NA,147,146,145,146,138,143,141,148,NA,147,NA,NA,NA,NA,148,148,NA,NA,NA,NA,NA,NA,NA,NA,NA,148,146,144,142,146,145,NA,NA,NA,NA,NA,146,144,144,145,147,NA,NA,NA,NA,NA,NA,149,NA,NA,NA,NA,NA,NA,NA,NA,NA,NA,NA,NA,NA,NA,NA,NA,NA,NA,NA,NA,NA
NA,NA,NA,NA,NA,NA,NA,NA,NA,NA,NA,NA,NA,NA,NA,NA,NA,NA,NA,NA,NA,NA,NA,NA,NA,NA,NA,NA,NA,148,NA,148,144,145,146,146,146,NA,NA,NA,NA,NA,NA,146,NA,NA,NA,NA,NA,NA,NA,NA,NA,NA,NA,NA,NA,NA,NA,NA,NA,NA,NA,NA,NA,NA,NA,148,NA,144,145,148,148,148,148,NA,NA,NA,NA,NA,NA,NA,NA,NA,NA,NA,NA,NA,NA,NA,NA,NA,NA,NA,NA,NA,NA,NA,NA,NA,NA,NA,NA,NA,NA,NA,NA,NA,NA,NA,NA,NA,NA,NA,148,NA,NA,NA,NA,148,NA,NA,141,143,138,141,NA,145,142,139,NA,148,147,144,145,136,142,139,147,NA,145,147,NA,NA,NA,NA,NA,NA,NA,NA,NA,NA,NA,NA,NA,NA,NA,147,146,145,148,146,148,148,NA,NA,NA,148,145,145,147,NA,NA,NA,NA,NA,NA,NA,NA,NA,NA,NA,NA,NA,NA,NA,NA,NA,NA,NA,NA,NA,NA,NA,NA,NA,NA,NA,NA,NA
NA,NA,NA,NA,NA,NA,NA,NA,NA,NA,NA,NA,NA,NA,NA,NA,NA,NA,NA,NA,NA,NA,NA,NA,NA,NA,NA,NA,NA,146,NA,147,144,144,145,145,146,NA,NA,NA,NA,NA,NA,146,NA,NA,NA,NA,NA,NA,148,148,NA,NA,NA,NA,NA,NA,NA,NA,NA,NA,NA,148,NA,NA,NA,NA,NA,144,144,147,146,145,146,147,NA,NA,NA,148,NA,NA,NA,NA,NA,NA,NA,NA,NA,NA,NA,NA,NA,NA,NA,NA,NA,NA,NA,NA,NA,NA,NA,NA,NA,NA,NA,NA,NA,NA,NA,NA,NA,147,146,148,NA,NA,NA,147,NA,NA,140,142,137,140,NA,145,140,138,NA,147,146,144,144,134,142,139,146,NA,144,146,NA,148,NA,NA,NA,NA,NA,NA,NA,NA,NA,NA,NA,NA,NA,NA,148,147,NA,147,148,148,NA,NA,NA,NA,147,147,NA,NA,NA,NA,NA,NA,NA,NA,NA,NA,NA,NA,NA,NA,NA,NA,NA,NA,NA,NA,NA,NA,NA,NA,NA,NA,NA,NA,NA,NA
NA,NA,NA,NA,NA,NA,NA,NA,NA,NA,NA,NA,NA,NA,NA,NA,NA,NA,NA,NA,NA,NA,NA,NA,NA,NA,NA,NA,NA,NA,NA,NA,147,145,142,140,141,144,148,NA,146,NA,NA,NA,NA,148,NA,NA,147,146,144,145,147,NA,NA,148,146,148,NA,NA,148,147,NA,NA,146,NA,144,NA,NA,NA,148,141,148,148,147,147,147,147,147,147,NA,148,NA,147,NA,NA,NA,NA,NA,NA,NA,NA,149,149,NA,NA,NA,NA,NA,NA,NA,NA,NA,NA,NA,NA,NA,NA,NA,NA,NA,NA,NA,NA,148,148,NA,148,146,144,NA,146,136,141,137,137,NA,143,143,143,NA,NA,138,143,141,143,139,142,146,148,148,148,148,NA,NA,NA,NA,NA,NA,NA,NA,NA,NA,NA,NA,NA,NA,NA,NA,NA,148,NA,NA,147,NA,NA,NA,NA,NA,NA,NA,NA,NA,NA,NA,NA,NA,NA,NA,NA,NA,NA,NA,NA,NA,NA,NA,NA,NA,NA,NA,NA,NA,NA,NA,NA,NA,NA,NA,NA
NA,NA,NA,NA,NA,NA,NA,NA,NA,NA,NA,NA,NA,NA,NA,NA,NA,NA,NA,NA,NA,NA,NA,NA,NA,NA,NA,NA,NA,NA,NA,NA,147,146,144,142,143,145,147,NA,NA,NA,NA,148,NA,147,NA,NA,145,144,142,142,144,146,145,144,146,147,148,148,147,147,148,NA,NA,NA,146,NA,NA,147,145,140,147,146,146,146,146,146,146,146,NA,146,NA,146,NA,149,NA,NA,NA,NA,NA,NA,NA,NA,NA,NA,NA,NA,NA,NA,NA,NA,NA,NA,NA,NA,NA,NA,NA,NA,NA,NA,NA,NA,NA,NA,NA,NA,148,146,NA,NA,139,145,139,138,NA,142,142,142,NA,NA,138,142,140,142,139,142,146,148,148,148,148,NA,NA,NA,NA,NA,NA,NA,NA,NA,NA,NA,NA,NA,NA,NA,NA,NA,148,NA,NA,147,NA,NA,NA,NA,NA,NA,NA,NA,NA,NA,NA,NA,NA,NA,NA,NA,NA,NA,NA,NA,NA,NA,NA,NA,NA,NA,NA,NA,NA,NA,NA,NA,NA,NA,NA,NA
NA,NA,NA,NA,NA,NA,NA,NA,NA,NA,NA,NA,NA,NA,NA,NA,NA,NA,NA,NA,NA,NA,NA,NA,NA,NA,NA,NA,NA,NA,NA,NA,148,147,146,145,145,145,146,146,NA,NA,NA,146,NA,147,NA,NA,147,145,143,143,144,145,144,143,145,146,147,146,145,145,147,NA,NA,NA,145,NA,NA,145,144,144,145,145,145,145,145,145,145,145,NA,144,NA,145,NA,147,NA,NA,NA,NA,NA,NA,NA,NA,NA,NA,NA,NA,NA,NA,NA,NA,NA,NA,NA,NA,NA,NA,NA,NA,NA,NA,NA,NA,NA,NA,NA,NA,148,145,NA,NA,143,NA,143,140,NA,140,141,142,NA,NA,137,142,138,140,139,142,146,148,148,148,NA,NA,NA,NA,NA,NA,NA,NA,NA,NA,148,148,NA,NA,NA,NA,NA,NA,148,NA,NA,147,NA,NA,NA,147,NA,NA,NA,NA,NA,NA,NA,NA,NA,NA,NA,NA,NA,NA,NA,NA,NA,NA,NA,NA,NA,NA,NA,NA,NA,NA,NA,NA,NA,NA,NA,NA
NA,NA,NA,NA,NA,NA,NA,NA,NA,NA,NA,NA,NA,NA,NA,NA,NA,NA,NA,NA,NA,NA,NA,NA,148,NA,NA,NA,NA,NA,NA,NA,NA,NA,NA,148,147,146,145,144,NA,NA,NA,145,148,146,148,NA,NA,NA,147,146,147,148,147,146,145,146,146,145,144,145,147,NA,144,NA,144,NA,NA,144,146,NA,143,143,144,144,144,144,145,145,NA,142,NA,146,NA,146,NA,NA,NA,NA,NA,NA,NA,NA,NA,NA,NA,NA,NA,NA,NA,NA,NA,NA,NA,NA,NA,NA,NA,NA,NA,NA,NA,148,NA,NA,NA,NA,146,142,NA,NA,143,NA,145,141,NA,140,142,142,NA,NA,138,142,138,140,139,141,145,147,147,148,NA,NA,NA,NA,NA,NA,NA,NA,NA,NA,148,148,NA,NA,NA,NA,NA,NA,148,NA,NA,147,NA,NA,NA,146,NA,NA,NA,NA,NA,NA,NA,NA,NA,NA,NA,NA,NA,NA,NA,NA,NA,NA,NA,NA,NA,NA,NA,NA,NA,NA,NA,NA,NA,NA,NA,NA
NA,NA,NA,NA,NA,NA,NA,NA,NA,NA,NA,NA,NA,NA,NA,NA,NA,NA,NA,NA,NA,NA,NA,NA,147,NA,NA,NA,NA,NA,NA,NA,NA,NA,NA,NA,NA,147,146,144,NA,NA,NA,144,148,147,NA,148,NA,NA,148,148,NA,NA,148,147,146,146,146,144,143,144,147,NA,144,NA,147,NA,NA,141,145,148,142,143,143,143,144,144,145,145,NA,142,NA,147,NA,146,NA,NA,NA,NA,NA,NA,NA,NA,NA,NA,NA,NA,149,149,NA,NA,NA,NA,NA,NA,NA,NA,NA,NA,NA,NA,148,148,NA,NA,NA,NA,145,142,148,147,141,NA,144,141,NA,140,142,143,NA,NA,139,143,138,139,137,140,143,145,145,146,NA,NA,NA,NA,NA,NA,NA,NA,NA,NA,NA,NA,NA,NA,NA,NA,NA,NA,NA,NA,NA,NA,NA,NA,NA,146,148,NA,NA,NA,NA,NA,NA,NA,NA,NA,NA,NA,NA,NA,NA,NA,NA,NA,NA,NA,NA,NA,NA,NA,NA,NA,NA,NA,NA,NA,NA,147
NA,NA,NA,NA,NA,NA,NA,NA,NA,NA,NA,NA,NA,NA,NA,NA,NA,NA,NA,NA,NA,NA,148,148,146,NA,NA,NA,NA,NA,NA,NA,NA,NA,NA,NA,NA,NA,147,146,NA,NA,NA,145,NA,NA,NA,147,NA,147,145,145,146,147,147,146,147,147,146,145,143,145,148,NA,NA,NA,NA,148,145,138,143,141,142,142,143,144,144,145,146,146,NA,141,NA,148,NA,145,149,NA,NA,NA,NA,NA,NA,NA,NA,NA,NA,NA,149,149,NA,NA,NA,NA,149,149,149,149,149,NA,NA,NA,NA,NA,NA,NA,NA,NA,147,144,146,145,139,147,143,140,NA,140,141,142,NA,NA,139,142,136,137,136,138,141,142,143,145,148,NA,NA,NA,NA,NA,NA,NA,NA,NA,NA,NA,NA,NA,NA,NA,NA,NA,NA,NA,NA,NA,NA,NA,NA,NA,148,NA,NA,NA,NA,NA,NA,NA,NA,NA,NA,NA,NA,NA,NA,NA,NA,NA,NA,NA,NA,NA,NA,NA,NA,NA,NA,NA,NA,NA,NA,145
NA,NA,NA,NA,NA,NA,NA,NA,NA,NA,NA,NA,NA,NA,NA,NA,NA,NA,NA,NA,NA,NA,NA,NA,146,NA,NA,NA,NA,NA,NA,NA,NA,NA,NA,NA,NA,NA,NA,NA,NA,NA,NA,145,NA,NA,NA,146,146,144,143,143,145,146,146,145,148,148,147,145,144,145,NA,NA,NA,NA,NA,145,139,139,147,139,142,143,143,144,145,146,147,147,NA,139,NA,147,NA,142,147,NA,NA,NA,148,148,NA,NA,NA,NA,NA,NA,NA,NA,NA,NA,148,146,143,146,149,148,145,145,149,NA,NA,NA,NA,NA,NA,NA,147,143,NA,147,140,147,142,139,NA,140,139,140,NA,NA,137,139,133,134,134,136,138,140,141,143,146,NA,NA,NA,NA,NA,NA,NA,NA,NA,NA,NA,NA,NA,NA,NA,NA,NA,NA,NA,NA,NA,NA,NA,NA,NA,NA,NA,NA,NA,NA,NA,NA,NA,NA,NA,NA,NA,NA,NA,NA,NA,NA,NA,NA,NA,NA,NA,NA,NA,NA,NA,NA,NA,NA,NA,NA,NA
NA,NA,NA,NA,NA,NA,NA,NA,NA,NA,NA,NA,NA,NA,NA,NA,NA,NA,NA,NA,NA,NA,NA,NA,147,NA,NA,NA,NA,NA,NA,NA,NA,NA,NA,NA,NA,NA,NA,NA,NA,NA,NA,146,NA,NA,NA,146,145,144,142,143,145,147,147,146,NA,NA,148,146,144,146,NA,NA,NA,NA,NA,143,137,143,NA,142,143,143,144,145,146,146,147,148,NA,137,NA,146,NA,141,145,NA,NA,149,145,145,147,NA,NA,149,NA,NA,NA,NA,NA,NA,147,144,140,145,149,147,142,142,147,NA,147,148,NA,NA,NA,NA,145,141,NA,NA,141,147,141,138,NA,139,136,138,NA,NA,135,137,131,131,133,135,137,138,140,142,145,148,NA,NA,NA,NA,NA,NA,NA,NA,NA,NA,NA,NA,NA,NA,148,148,NA,NA,NA,NA,NA,NA,NA,NA,NA,NA,NA,NA,NA,NA,NA,NA,NA,NA,NA,NA,NA,NA,NA,NA,NA,NA,NA,NA,NA,NA,NA,NA,NA,NA,NA,NA,NA,NA,NA,NA
NA,NA,NA,NA,NA,NA,NA,NA,NA,147,146,NA,NA,NA,149,NA,NA,NA,NA,149,146,145,148,NA,NA,NA,NA,NA,147,NA,NA,NA,NA,NA,NA,NA,NA,NA,NA,NA,NA,NA,NA,145,NA,145,NA,146,148,148,147,147,146,146,145,145,147,148,148,147,146,146,149,NA,NA,NA,NA,148,144,NA,148,144,144,145,146,146,147,147,146,146,NA,143,143,NA,149,142,146,NA,NA,NA,NA,NA,NA,149,149,149,147,148,NA,NA,NA,148,146,144,142,144,144,142,139,139,143,147,145,143,146,136,NA,143,148,NA,NA,NA,146,140,139,143,144,142,136,139,NA,NA,132,133,127,128,132,135,139,140,140,141,146,149,149,148,148,NA,NA,NA,NA,NA,NA,NA,NA,NA,NA,NA,NA,NA,NA,NA,NA,NA,NA,NA,NA,NA,NA,NA,NA,NA,NA,NA,NA,NA,NA,NA,NA,NA,NA,NA,NA,NA,NA,NA,NA,NA,NA,NA,NA,NA,NA,NA,NA,NA,NA,NA,NA,NA
NA,NA,NA,NA,NA,NA,NA,NA,NA,149,148,NA,NA,NA,NA,NA,NA,NA,NA,NA,147,146,149,NA,NA,NA,NA,NA,149,NA,NA,NA,NA,NA,NA,NA,NA,NA,NA,NA,NA,NA,NA,145,NA,146,NA,147,NA,NA,NA,NA,149,149,149,148,146,147,147,146,145,146,148,NA,NA,NA,NA,NA,148,NA,NA,149,146,147,147,148,148,147,146,146,NA,145,146,NA,NA,144,149,NA,NA,NA,NA,NA,NA,NA,NA,NA,147,148,NA,NA,NA,148,146,144,143,144,144,140,136,134,138,141,143,146,NA,144,NA,139,140,143,NA,NA,146,140,139,143,144,142,136,138,NA,149,131,132,126,127,130,133,137,138,139,141,146,149,NA,149,149,NA,NA,NA,NA,NA,NA,NA,NA,NA,NA,NA,NA,NA,NA,NA,NA,NA,NA,NA,NA,NA,NA,NA,NA,NA,NA,NA,NA,NA,NA,NA,NA,NA,NA,NA,NA,NA,NA,NA,NA,NA,NA,NA,NA,NA,NA,NA,NA,NA,NA,NA,NA,NA
NA,NA,NA,NA,NA,NA,NA,NA,NA,NA,NA,NA,NA,NA,NA,NA,NA,NA,NA,NA,148,148,NA,NA,NA,NA,NA,NA,NA,NA,NA,NA,NA,NA,NA,NA,NA,NA,NA,NA,NA,NA,NA,147,NA,147,NA,148,NA,NA,NA,NA,NA,NA,NA,NA,148,149,149,149,148,148,NA,NA,NA,NA,NA,NA,NA,NA,NA,NA,NA,NA,NA,NA,149,148,147,146,NA,147,148,NA,NA,148,NA,NA,NA,NA,NA,NA,NA,NA,NA,NA,147,148,NA,NA,NA,149,147,145,147,148,146,141,136,133,135,139,143,NA,NA,NA,NA,145,142,144,NA,NA,145,140,141,145,145,141,136,137,NA,147,130,132,126,126,127,130,134,137,139,142,146,149,NA,NA,NA,NA,NA,NA,NA,NA,NA,NA,NA,NA,NA,NA,NA,NA,NA,NA,NA,NA,NA,NA,NA,NA,NA,NA,NA,NA,NA,NA,NA,NA,NA,NA,NA,NA,NA,NA,NA,NA,NA,NA,NA,NA,NA,NA,NA,NA,NA,NA,NA,NA,NA,NA,NA,NA
NA,NA,NA,NA,NA,NA,NA,NA,NA,NA,NA,NA,NA,NA,NA,NA,NA,NA,NA,NA,148,148,NA,NA,148,NA,NA,NA,NA,NA,NA,NA,NA,NA,NA,NA,NA,NA,NA,NA,NA,NA,NA,148,NA,148,NA,149,NA,NA,NA,NA,NA,NA,NA,NA,NA,NA,NA,NA,NA,NA,NA,NA,NA,NA,NA,NA,NA,NA,NA,NA,NA,NA,NA,NA,NA,149,147,146,NA,148,NA,NA,NA,NA,NA,NA,NA,NA,NA,NA,NA,NA,NA,NA,147,148,NA,NA,NA,NA,148,146,NA,NA,NA,146,140,137,139,142,142,146,NA,NA,NA,NA,NA,148,NA,NA,145,140,142,146,146,141,138,137,NA,146,130,133,127,126,127,129,132,136,140,144,149,NA,NA,NA,NA,NA,NA,NA,NA,NA,NA,NA,NA,NA,NA,NA,NA,NA,NA,NA,NA,NA,NA,NA,NA,NA,NA,NA,NA,NA,NA,NA,NA,NA,NA,NA,NA,NA,NA,NA,NA,NA,NA,NA,NA,NA,NA,NA,NA,NA,NA,NA,NA,NA,NA,NA,NA,NA
